,metadata.material_id
0,mp-14037
1,mp-1243
2,mp-989567
3,mp-2918
4,mp-568619
5,mp-9657
6,mp-189
7,mp-2672
8,mp-568032
9,mp-10615
10,mp-11703
11,mp-861979
12,mp-540584
13,mp-5046
14,mp-697096
15,mp-961675
16,mp-4627
17,mp-567666
18,mp-29266
19,mp-29342
20,mp-9127
21,mp-5427
22,mp-34932
23,mp-28075
24,mp-29163
25,mp-13541
26,mp-4236
27,mp-998413
28,mp-288
29,mp-8300
30,mp-13949
31,mp-8039
32,mp-28797
33,mp-22450
34,mp-28873
35,mp-5377
36,mp-567841
37,mp-22934
38,mp-6949
39,mp-996959
40,mp-3098
41,mp-8277
42,mp-561902
43,mp-28591
44,mp-4514
45,mp-23214
46,mp-11123
47,mp-9262
48,mp-14017
49,mp-2576
50,mp-9881
51,mp-5840
52,mp-8658
53,mp-9063
54,mp-643101
55,mp-556405
56,mp-21276
57,mp-11020
58,mp-15684
59,mp-20790
60,mp-7467
61,mp-862868
62,mp-1009819
63,mp-3519
64,mp-22261
65,mp-8267
66,mp-27255
67,mp-36111
68,mp-8452
69,mp-865427
70,mp-13548
71,mp-15724
72,mp-7848
73,mp-9839
74,mp-567652
75,mp-29484
76,mp-997086
77,mp-12016
78,mp-13445
79,mp-7219
80,mp-3654
81,mp-5986
82,mp-7457
83,mp-504729
84,mp-23025
85,mp-19765
86,mp-9107
87,mp-7642
88,mp-165
89,mp-7251
90,mp-8257
91,mp-23263
92,mp-642725
93,mp-7447
94,mp-1415
95,mp-10985
96,mp-8697
97,mp-2072
98,mp-29398
99,mp-9166
100,mp-9583
101,mp-755756
102,mp-12532
103,mp-2400
104,mp-2741
105,mp-8979
106,mp-772290
107,mp-2691
108,mp-3167
109,mp-927
110,mp-8459
111,mp-1550
112,mp-545544
113,mp-643243
114,mp-545359
115,mp-27420
116,mp-570324
117,mp-5012
118,mp-24341
119,mp-9259
120,mp-1009894
121,mp-23737
122,mp-27904
123,mp-2758
124,mp-867219
125,mp-3074
126,mp-6494
127,mp-14437
128,mp-13610
129,mp-23710
130,mp-7910
131,mp-11918
132,mp-27294
133,mp-862947
134,mp-10167
135,mp-7622
136,mp-989523
137,mp-11739
138,mp-12903
139,mp-10481
140,mp-573658
141,mp-867169
142,mp-28237
143,mp-2079
144,mp-9775
145,mp-8058
146,mp-4533
147,mp-8399
148,mp-9672
149,mp-4636
150,mp-3104
151,mp-961684
152,mp-7639
153,mp-571461
154,mp-5621
155,mp-24007
156,mp-9384
157,mp-23862
158,mp-2201
159,mp-24424
160,mp-2542
161,mp-5962
162,mp-28084
163,mp-804
164,mp-13133
165,mp-773137
166,mp-6686
167,mp-7774
168,mp-966800
169,mp-27562
170,mp-23054
171,mp-9321
172,mp-28650
173,mp-567290
174,mp-10776
175,mp-22867
176,mp-10919
177,mp-9844
178,mp-13676
179,mp-9517
180,mp-3359
181,mp-760
182,mp-11719
183,mp-9755
184,mp-9195
185,mp-1672
186,mp-10044
187,mp-1000
188,mp-33588
189,mp-5588
190,mp-7907
191,mp-29364
192,mp-8147
193,mp-989562
194,mp-626151
195,mp-976280
196,mp-3637
197,mp-557664
198,mp-7297
199,mp-573697
200,mp-23097
201,mp-23425
202,mp-3349
203,mp-10322
204,mp-21510
205,mp-6613
206,mp-1960
207,mp-3772
208,mp-27456
209,mp-560558
210,mp-989579
211,mp-23137
212,mp-27830
213,mp-1020059
214,mp-23703
215,mp-3915
216,mp-13275
217,mp-23299
218,mp-9566
219,mp-28554
220,mp-5475
221,mp-7575
222,mp-5618
223,mp-3762
224,mp-23859
225,mp-22956
226,mp-6384
227,mp-28110
228,mp-28266
229,mp-7472
230,mp-3524
231,mp-547792
232,mp-961660
233,mp-998604
234,mp-569149
235,mp-10474
236,mp-23289
237,mp-643279
238,mp-10289
239,mp-14115
240,mp-14039
241,mp-10550
242,mp-553281
243,mp-8756
244,mp-568560
245,mp-21374
246,mp-545500
247,mp-27300
248,mp-8127
249,mp-755586
250,mp-5048
251,mp-23550
252,mp-754826
253,mp-757
254,mp-549697
255,mp-10226
256,mp-561586
257,mp-626724
258,mp-8289
259,mp-9794
260,mp-8891
261,mp-12558
262,mp-23405
263,mp-36508
264,mp-571166
265,mp-996944
266,mp-8262
267,mp-8405
268,mp-23302
269,mp-980057
270,mp-27549
271,mp-8931
272,mp-638729
273,mp-549737
274,mp-34126
275,mp-5038
276,mp-9731
277,mp-7896
278,mp-406
279,mp-5707
280,mp-8881
281,mp-22936
282,mp-552488
283,mp-8279
284,mp-540957
285,mp-160
286,mp-4651
287,mp-27827
288,mp-7936
289,mp-38011
290,mp-3666
291,mp-8176
292,mp-22313
293,mp-10378
294,mp-13798
295,mp-6930
296,mp-558781
297,mp-7469
298,mp-6983
299,mp-11022
300,mp-867300
301,mp-5213
302,mp-7128
303,mp-3980
304,mp-9986
305,mp-10418
306,mp-961657
307,mp-4609
308,mp-552663
309,mp-8454
310,mp-20832
311,mp-504535
312,mp-924130
313,mp-9595
314,mp-9780
315,mp-12885
316,mp-6920
317,mp-28295
318,mp-1018040
319,mp-10408
320,mp-989545
321,mp-31212
322,mp-5127
323,mp-1011695
324,mp-6973
325,mp-996983
326,mp-614603
327,mp-35015
328,mp-6870
329,mp-5782
330,mp-1367
331,mp-2074
332,mp-22922
333,mp-9244
334,mp-8000
335,mp-5077
336,mp-976876
337,mp-15954
338,mp-22975
339,mp-989638
340,mp-16337
341,mp-989535
342,mp-23017
343,mp-541899
344,mp-2455
345,mp-867730
346,mp-4555
347,mp-7449
348,mp-27422
349,mp-29678
350,mp-8291
351,mp-1014244
352,mp-8017
353,mp-2352
354,mp-29754
355,mp-2693
356,mp-13900
357,mp-29091
358,mp-3924
359,mp-3821
360,mp-9158
361,mp-11019
362,mp-1569
363,mp-2657
364,mp-1986
365,mp-7140
366,mp-1009088
367,mp-11674
368,mp-28603
369,mp-22862
370,mp-999549
371,mp-570097
372,mp-684580
373,mp-27193
374,mp-11714
375,mp-9386
376,mp-560037
377,mp-555874
378,mp-29750
379,mp-4495
380,mp-4979
381,mp-12779
382,mp-643370
383,mp-30988
384,mp-8298
385,mp-634657
386,mp-9571
387,mp-10159
388,mp-552547
389,mp-7955
390,mp-13907
391,mp-23092
392,mp-22919
393,mp-754212
394,mp-754368
395,mp-1008556
396,mp-985586
397,mp-569571
398,mp-8235
399,mp-29138
400,mp-6059
401,mp-13032
402,mp-23056
403,mp-9664
404,mp-1591
405,mp-867193
406,mp-23513
407,mp-12954
408,mp-567776
409,mp-560791
410,mp-570891
411,mp-5394
412,mp-2534
413,mp-1105
414,mp-27419
415,mp-22951
416,mp-5878
417,mp-552537
418,mp-626620
419,mp-22909
420,mp-9273
421,mp-10572
422,mp-7610
423,mp-13992
424,mp-4763
425,mp-7909
426,mp-556866
427,mp-13287
428,mp-8751
429,mp-551243
430,mp-571102
431,mp-29025
432,mp-7375
433,mp-561827
434,mp-3953
435,mp-30004
436,mp-24084
437,mp-1190
438,mp-15556
439,mp-13641
440,mp-1598
441,mp-3589
442,mp-697133
443,mp-13277
444,mp-554941
445,mp-3486
446,mp-23036
447,mp-15794
448,mp-974603
449,mp-568284
450,mp-697030
451,mp-13946
452,mp-643264
453,mp-3042
454,mp-8377
455,mp-9124
456,mp-28453
457,mp-38970
458,mp-7891
459,mp-13658
460,mp-15649
461,mp-5858
462,mp-676464
463,mp-7931
464,mp-1247
465,mp-25305
466,mp-4511
467,mp-5414
468,mp-9846
469,mp-5652
470,mp-22990
471,mp-22607
472,mp-29584
473,mp-558071
474,mp-865500
475,mp-23933
476,mp-27839
477,mp-315
478,mp-2920
479,mp-752446
480,mp-6088
481,mp-7176
482,mp-556120
483,mp-22898
484,mp-989405
485,mp-8407
486,mp-7921
487,mp-8161
488,mp-561710
489,mp-644203
490,mp-569028
491,mp-23260
492,mp-6654
493,mp-20463
494,mp-8830
495,mp-989643
496,mp-13926
497,mp-541037
498,mp-8873
499,mp-5122
500,mp-29521
501,mp-30460
502,mp-998552
503,mp-20072
504,mp-1700
505,mp-27829
506,mp-7938
507,mp-28069
508,mp-5175
509,mp-2894
510,mp-5784
511,mp-14206
512,mp-30315
513,mp-3668
514,mp-3744
515,mp-510268
516,mp-7547
517,mp-5072
518,mp-9306
519,mp-543024
520,mp-13356
521,mp-10694
522,mp-22894
523,mp-3982
524,mp-643002
525,mp-961659
526,mp-10250
527,mp-3277
528,mp-23353
529,mp-7027
530,mp-753802
531,mp-505297
532,mp-7928
533,mp-558118
534,mp-2517
535,mp-2858
536,mp-675531
537,mp-865185
538,mp-7000
539,mp-5350
540,mp-2229
541,mp-12927
542,mp-4405
543,mp-20731
544,mp-7825
545,mp-675011
546,mp-571386
547,mp-37153
548,mp-989547
549,mp-8208
550,mp-553342
551,mp-7017
552,mp-961649
553,mp-643257
554,mp-22255
555,mp-989520
556,mp-19851
557,mp-9008
558,mp-8446
559,mp-7914
560,mp-567636
561,mp-14092
562,mp-30062
563,mp-675104
564,mp-989537
565,mp-7596
566,mp-8962
567,mp-3078
568,mp-9915
569,mp-9143
570,mp-11583
571,mp-1070
572,mp-35152
573,mp-2175
574,mp-15777
575,mp-8724
576,mp-9812
577,mp-755895
578,mp-10680
579,mp-1266
580,mp-2695
581,mp-569812
582,mp-755478
583,mp-16236
584,mp-16577
585,mp-8621
586,mp-241
587,mp-6929
588,mp-12814
589,mp-22914
590,mp-754363
591,mp-1087
592,mp-975140
593,mp-2251
594,mp-30251
595,mp-2659
596,mp-961698
597,mp-549589
598,mp-10485
599,mp-551835
600,mp-11520
601,mp-23009
602,mp-4547
603,mp-989527
604,mp-867699
605,mp-9514
606,mp-570844
607,mp-9295
608,mp-22003
609,mp-23432
610,mp-924129
611,mp-5532
612,mp-961711
613,mp-10969
614,mp-22904
615,mp-546864
616,mp-553961
617,mp-23485
618,mp-4156
619,mp-4497
620,mp-15704
621,mp-3813
622,mp-571124
623,mp-569779
624,mp-13097
625,mp-559092
626,mp-9573
627,mp-24428
628,mp-7801
629,mp-8041
630,mp-8753
631,mp-2784
632,mp-16742
633,mp-7437
634,mp-6951
635,mp-486
636,mp-676284
637,mp-553875
638,mp-2340
639,mp-23475
640,mp-6560
641,mp-555763
642,mp-602
643,mp-7572
644,mp-4043
645,mp-3481
646,mp-10336
647,mp-989566
648,mp-554155
649,mp-989616
650,mp-23193
651,mp-661
652,mp-1345
653,mp-989513
654,mp-5853
655,mp-2697
656,mp-20817
657,mp-760375
658,mp-14036
659,mp-581833
660,mp-4586
661,mp-1008786
662,mp-10614
663,mp-10955
664,mp-7808
665,mp-573204
666,mp-755309
667,mp-3054
668,mp-3395
669,mp-21855
670,mp-3614
671,mp-505634
672,mp-754118
673,mp-27691
674,mp-754535
675,mp-10223
676,mp-13984
677,mp-555286
678,mp-996941
679,mp-571306
680,mp-989400
681,mp-8402
682,mp-5479
683,mp-510273
684,mp-13948
685,mp-28872
686,mp-23120
687,mp-9126
688,mp-1394
689,mp-32616
690,mp-23259
691,mp-7188
692,mp-8276
693,mp-754710
694,mp-13898
695,mp-1249
696,mp-23070
697,mp-567373
698,mp-20210
699,mp-1002164
700,mp-7569
701,mp-9821
702,mp-15988
703,mp-12509
704,mp-20187
705,mp-2472
706,mp-11175
707,mp-973185
708,mp-8630
709,mp-6980
710,mp-11659
711,mp-546125
712,mp-573763
713,mp-4360
714,mp-989407
715,mp-10653
716,mp-8409
717,mp-1500
718,mp-2853
719,mp-23060
720,mp-29209
721,mp-12015
722,mp-23127
723,mp-16764
724,mp-267
725,mp-6450
726,mp-753671
727,mp-23024
728,mp-642648
729,mp-9268
730,mp-2605
731,mp-567744
732,mp-648
733,mp-12491
734,mp-8256
735,mp-553374
736,mp-684690
737,mp-6408
738,mp-568544
739,mp-730
740,mp-886
741,mp-22896
742,mp-15349
743,mp-996997
744,mp-752676
745,mp-989539
746,mp-15951
747,mp-989635
748,mp-8978
749,mp-625136
750,mp-989532
751,mp-9062
752,mp-9205
753,mp-7446
754,mp-7972
755,mp-20352
756,mp-7631
757,mp-8799
758,mp-11824
759,mp-7581
760,mp-29149
761,mp-1009085
762,mp-24721
763,mp-23067
764,mp-29751
765,mp-7684
766,mp-8789
767,mp-9900
768,mp-14333
769,mp-570485
770,mp-8812
771,mp-24423
772,mp-3216
773,mp-2469
774,mp-961693
775,mp-28627
776,mp-989625
777,mp-991652
778,mp-11917
779,mp-997002
780,mp-6798
781,mp-569639
782,mp-989522
783,mp-23004
784,mp-34169
785,mp-31454
786,mp-7886
787,mp-558430
788,mp-14588
789,mp-9486
790,mp-3970
791,mp-753287
792,mp-867168
793,mp-4820
794,mp-5342
795,mp-9774
796,mp-10547
797,mp-30459
798,mp-8861
799,mp-571222
800,mp-677335
801,mp-1020019
802,mp-7392
803,mp-27138
804,mp-561947
805,mp-961683
806,mp-20620
807,mp-555166
808,mp-7979
809,mp-20256
810,mp-23861
811,mp-551456
812,mp-9383
813,mp-20782
814,mp-10341
815,mp-1009820
816,mp-8623
817,mp-1794
818,mp-567680
819,mp-22916
820,mp-8192
821,mp-13056
822,mp-12385
823,mp-8335
824,mp-7773
825,mp-753946
826,mp-753098
827,mp-7670
828,mp-2150
829,mp-754329
830,mp-989571
831,mp-989529
832,mp-28020
833,mp-10918
834,mp-7041
835,mp-22906
836,mp-19833
837,mp-1784
838,mp-11718
839,mp-961713
840,mp-9575
841,mp-9270
842,mp-5431
843,mp-4002
844,mp-22660
845,mp-1340
846,mp-10281
847,mp-37091
848,mp-7906
849,mp-571467
850,mp-998156
851,mp-13099
852,mp-2064
853,mp-989561
854,mp-2624
855,mp-7618
856,mp-9718
857,mp-753747
858,mp-15781
859,mp-997041
860,mp-28553
861,mp-29506
862,mp-7439
863,mp-223
864,mp-27227
865,mp-861937
866,mp-9565
867,mp-4190
868,mp-29403
869,mp-979137
870,mp-1330
871,mp-3771
872,mp-14038
873,mp-974381
874,mp-7090
875,mp-23033
876,mp-570213
877,mp-7650
878,mp-632319
879,mp-7233
880,mp-690785
881,mp-989618
882,mp-34579
883,mp-27608
884,mp-978847
885,mp-570935
886,mp-766
887,mp-1873
888,mp-5295
889,mp-760400
890,mp-2961
891,mp-4009
892,mp-6867
893,mp-998603
894,mp-568662
895,mp-696804
896,mp-1009009
897,mp-3159
898,mp-7667
899,mp-31235
900,mp-9317
901,mp-2488
902,mp-10616
903,mp-697044
904,mp-550685
905,mp-8311
906,mp-776532
907,mp-3056
908,mp-760417
909,mp-541044
910,mp-989608
911,mp-570256
912,mp-1522
913,mp-7604
914,mp-2008
915,mp-1009813
916,mp-468
917,mp-996943
918,mp-14070
919,mp-7173
920,mp-6270
921,mp-8930
922,mp-27207
923,mp-31149
924,mp-989558
925,mp-754596
926,mp-555410
927,mp-27369
928,mp-7895
929,mp-12418
930,mp-22935
931,mp-553310
932,mp-961706
933,mp-8278
934,mp-4187
935,mp-8880
936,mp-2600
937,mp-3427
938,mp-755293
939,mp-15685
940,mp-8175
941,mp-2030
942,mp-12894
943,mp-15788
944,mp-4124
945,mp-2133
946,mp-20450
947,mp-23268
948,mp-9720
949,mp-252
950,mp-10417
951,mp-23350
952,mp-736
953,mp-9200
954,mp-7100
955,mp-2371
956,mp-7849
957,mp-975115
958,mp-7077
959,mp-22984
960,mp-1138
961,mp-1479
962,mp-983565
963,mp-8062
964,mp-541226
965,mp-9872
966,mp-7643
967,mp-6972
968,mp-961646
969,mp-10748
970,mp-1519
971,mp-573755
972,mp-28599
973,mp-9687
974,mp-2319
975,mp-3748
976,mp-561561
977,mp-7067
978,mp-15953
979,mp-6989
980,mp-14398
981,mp-634676
982,mp-9064
983,mp-867203
984,mp-3125
985,mp-6204
986,mp-682
987,mp-27421
988,mp-8016
989,mp-10492
990,mp-2646
991,mp-4359
992,mp-553025
993,mp-1747
994,mp-569548
995,mp-676861
996,mp-28145
997,mp-2172
998,mp-1009792
999,mp-22888
1000,mp-1008506
1001,mp-7911
1002,mp-24292
1003,mp-11919
1004,mp-1009087
1005,mp-6459
1006,mp-28602
1007,mp-1541
1008,mp-672
1009,mp-553303
1010,mp-551203
1011,mp-28423
1012,mp-1009127
1013,mp-4782
1014,mp-998433
1015,mp-1922
1016,mp-11713
1017,mp-22901
1018,mp-9919
1019,mp-27716
1020,mp-14285
1021,mp-989583
1022,mp-547244
1023,mp-999498
1024,mp-12622
1025,mp-961685
1026,mp-3810
1027,mp-9570
1028,mp-7394
1029,mp-9385
1030,mp-10760
1031,mp-978852
1032,mp-623024
1033,mp-28270
1034,mp-23091
1035,mp-13660
1036,mp-31002
1037,mp-9610
1038,mp-5860
1039,mp-1009540
1040,mp-13031
1041,mp-6058
1042,mp-19795
1043,mp-6660
1044,mp-380
1045,mp-12427
1046,mp-23956
1047,mp-1008680
1048,mp-560790
1049,mp-8615
1050,mp-753401
1051,mp-998297
1052,mp-675902
1053,mp-15668
1054,mp-4524
1055,mp-3432
1056,mp-867335
1057,mp-27315
1058,mp-1342
1059,mp-7908
1060,mp-546500
1061,mp-551269
1062,mp-573721
1063,mp-22483
1064,mp-8224
1065,mp-989563
1066,mp-370
1067,mp-7940
1068,mp-961774
1069,mp-570354
1070,mp-27831
1071,mp-7374
1072,mp-27791
1073,mp-21511
1074,mp-15999
1075,mp-33526
1076,mp-149
1077,mp-8426
1078,mp-8098
1079,mp-5280
1080,mp-3247
1081,mp-14652
1082,mp-15896
1083,mp-5238
1084,mp-9855
1085,mp-463
1086,mp-1153
1087,mp-8180
1088,mp-22473
1089,mp-13276
1090,mp-30056
1091,mp-4047
1092,mp-9567
1093,mp-22957
1094,mp-28111
1095,mp-23197
1096,mp-181
1097,mp-961661
1098,mp-984761
1099,mp-9361
1100,mp-12992
1101,mp-14116
1102,mp-14983
1103,mp-9845
1104,mp-4666
1105,mp-4809
1106,mp-504838
1107,mp-1143
1108,mp-37216
1109,mp-7566
1110,mp-568273
1111,mp-961678
1112,mp-552234
1113,mp-1968
1114,mp-14175
1115,mp-540703
1116,mp-546794
1117,mp-23406
1118,mp-3700
1119,mp-9010
1120,mp-8187
1121,mp-9692
1122,mp-23303
1123,mp-8932
1124,mp-559695
1125,mp-304
1126,mp-989642
1127,mp-11265
1128,mp-23465
1129,mp-9732
1130,mp-23949
1131,mp-13925
1132,mp-22937
1133,mp-1958
1134,mp-752580
1135,mp-8200
1136,mp-20098
1137,mp-770932
1138,mp-8882
1139,mp-12317
1140,mp-864954
1141,mp-27828
1142,mp-7937
1143,mp-830
1144,mp-867261
1145,mp-8177
1146,mp-7089
1147,mp-14205
1148,mp-997036
1149,mp-8922
1150,mp-27546
1151,mp-8455
1152,mp-3038
1153,mp-8217
1154,mp-551092
1155,mp-2552
1156,mp-6984
1157,mp-1285
1158,mp-560588
1159,mp-23167
1160,mp-1008223
1161,mp-30373
1162,mp-3419
1163,mp-567655
1164,mp-28243
1165,mp-997089
1166,mp-22304
1167,mp-608555
1168,mp-991676
1169,mp-11695
1170,mp-3070
1171,mp-5061
1172,mp-8207
1173,mp-12442
1174,mp-31451
1175,mp-9636
1176,mp-961648
1177,mp-1009082
1178,mp-10163
1179,mp-14069
1180,mp-15157
1181,mp-21166
1182,mp-9348
1183,mp-32880
1184,mp-12535
1185,mp-5078
1186,mp-30847
1187,mp-4175
1188,mp-24066
1189,mp-3163
1190,mp-7738
1191,mp-1315
1192,mp-20459
1193,mp-989639
1194,mp-30456
1195,mp-20015
1196,mp-14006
1197,mp-31468
1198,mp-23018
1199,mp-15776
1200,mp-989536
1201,mp-684
1202,mp-827
1203,mp-1265
1204,mp-768368
1205,mp-571093
1206,mp-22913
1207,mp-7863
1208,mp-539
1209,mp-5594
1210,mp-4165
1211,mp-30250
1212,mp-7770
1213,mp-12525
1214,mp-989629
1215,mp-568018
1216,mp-754326
1217,mp-7482
1218,mp-10246
1219,mp-23349
1220,mp-989526
1221,mp-1009129
1222,mp-14091
1223,mp-6960
1224,mp-567913
1225,mp-774907
1226,mp-924128
1227,mp-9437
1228,mp-27678
1229,mp-9778
1230,mp-10627
1231,mp-11715
1232,mp-22903
1233,mp-3839
1234,mp-15703
1235,mp-10381
1236,mp-23484
1237,mp-9675
1238,mp-7903
1239,mp-13868
1240,mp-961687
1241,mp-4824
1242,mp-29463
1243,mp-23040
1244,mp-8299
1245,mp-541989
1246,mp-3448
1247,mp-8703
1248,mp-7956
1249,mp-588
1250,mp-989575
1251,mp-13033
1252,mp-24589
1253,mp-7436
1254,mp-35777
1255,mp-66
1256,mp-28994
1257,mp-755013
1258,mp-556953
1259,mp-568968
1260,mp-697144
1261,mp-7148
1262,mp-6586
1263,mp-2979
1264,mp-4280
1265,mp-20282
1266,mp-753260
1267,mp-19734
1268,mp-23295
1269,mp-9562
1270,mp-2068
1271,mp-862631
1272,mp-1106
1273,mp-422
1274,mp-5955
1275,mp-866291
1276,mp-867194
1277,mp-9274
1278,mp-9198
1279,mp-684969
1280,mp-1002124
1281,mp-22323
1282,mp-7611
1283,mp-27999
1284,mp-7323
1285,mp-5488
1286,mp-551873
1287,mp-989565
1288,mp-28302
1289,mp-8411
1290,mp-8752
1291,mp-10182
1292,mp-30041
1293,mp-16264
1294,mp-1018100
1295,mp-856
1296,mp-14088
1297,mp-35220
1298,mp-4482
1299,mp-961673
1300,mp-989605
1301,mp-1778
1302,mp-581024
1303,mp-754117
1304,mp-8361
1305,mp-15557
1306,mp-13983
1307,mp-23222
1308,mp-9569
1309,mp-5478
1310,mp-13947
1311,mp-1639
1312,mp-9125
1313,mp-552806
1314,mp-11327
1315,mp-568666
1316,mp-5518
1317,mp-6947
1318,mp-743
1319,mp-574599
1320,mp-22899
1321,mp-5339
1322,mp-8759
1323,mp-981
1324,mp-29151
1325,mp-4081
1326,mp-2574
1327,mp-27303
1328,mp-20289
1329,mp-27985
1330,mp-8212
1331,mp-2286
1332,mp-554412
1333,mp-505825
1334,mp-866132
1335,mp-10086
1336,mp-27882
1337,mp-1009750
1338,mp-20329
1339,mp-7608
1340,mp-997618
1341,mp-733
1342,mp-27253
1343,mp-29585
1344,mp-570538
1345,mp-8934
1346,mp-7505
1347,mp-2667
1348,mp-7922
1349,mp-29208
1350,mp-971
1351,mp-697038
1352,mp-9250
1353,mp-5020
1354,mp-7786
1355,mp-38117
1356,mp-9631
1357,mp-6026
1358,mp-989541
1359,mp-23023
1360,mp-4035
1361,mp-641923
1362,mp-23364
1363,mp-3288
1364,mp-4452
1365,mp-8884
1366,mp-10219
1367,mp-7104
1368,mp-7939
1369,mp-567558
1370,mp-27243
1371,mp-1009220
1372,mp-8255
1373,mp-4690
1374,mp-21228
1375,mp-546011
1376,mp-1413
1377,mp-29055
1378,mp-3642
1379,mp-29396
1380,mp-10695
1381,mp-23116
1382,mp-9307
1383,mp-22895
1384,mp-7548
1385,mp-441
1386,mp-570008
1387,mp-5795
1388,mp-550751
1389,mp-1287
1390,mp-1022
1391,mp-20351
1392,mp-989531
1393,mp-8874
1394,mp-7988
1395,mp-7929
1396,mp-755287
1397,mp-12623
1398,mp-23251
1399,mp-8430
1400,mp-13109
1401,mp-23209
1402,mp-19717
1403,mp-4406
1404,mp-22988
1405,mp-12444
1406,mp-1039
1407,mp-989548
1408,mp-36066
1409,mp-6492
1410,mp-20027
1411,mp-28626
1412,mp-29529
1413,mp-1565
1414,mp-569442
1415,mp-616378
1416,mp-7060
1417,mp-1009084
1418,mp-1018096
1419,mp-4200
1420,mp-23870
1421,mp-22925
1422,mp-5928
1423,mp-27869
1424,mp-754517
1425,mp-22875
1426,mp-3834
1427,mp-552934
1428,mp-9144
1429,mp-27385
1430,mp-36582
1431,mp-3731
1432,mp-1029
1433,mp-961682
1434,mp-989538
1435,mp-4531
1436,mp-972937
1437,mp-9382
1438,mp-23860
1439,mp-10155
1440,mp-16763
1441,mp-8622
1442,mp-8963
1443,mp-13903
1444,mp-23818
1445,mp-13055
1446,mp-23231
1447,mp-2176
1448,mp-13800
1449,mp-37906
1450,mp-8818
1451,mp-2490
1452,mp-989570
1453,mp-12908
1454,mp-1009733
1455,mp-22865
1456,mp-569346
1457,mp-675230
1458,mp-13190
1459,mp-34293
1460,mp-5348
1461,mp-989610
1462,mp-2530
1463,mp-9856
1464,mp-7421
1465,mp-22905
1466,mp-470
1467,mp-22583
1468,mp-3595
1469,mp-4342
1470,mp-8248
1471,mp-568052
1472,mp-998599
1473,mp-996962
1474,mp-2964
1475,mp-568536
1476,mp-866141
1477,mp-8145
1478,mp-28377
1479,mp-23059
1480,mp-7958
1481,mp-4961
1482,mp-5967
1483,mp-569677
1484,mp-8042
1485,mp-5380
1486,mp-998612
1487,mp-7438
1488,mp-1008559
1489,mp-8943
1490,mp-487
1491,mp-28171
1492,mp-8280
1493,mp-8579
1494,mp-1253
1495,mp-19799
1496,mp-7752
1497,mp-384
1498,mp-11869
1499,mp-23804
1500,mp-752658
1501,mp-841
1502,mp-9564
1503,mp-7232
1504,mp-5132
1505,mp-4385
1506,mp-1634
1507,mp-978846
1508,mp-643260
1509,mp-239
1510,mp-862871
1511,mp-28264
1512,mp-7470
1513,mp-8188
1514,mp-998198
1515,mp-867339
1516,mp-22851
1517,mp-989514
1518,mp-8857
1519,mp-568661
1520,mp-626785
