,Composition,lastphdospeak_actual,lastphdospeak_predicted
mp-10044,BAs,701.5857233477558,806.3742294631808
mp-1008506,BaGaSiH,1138.5856886491724,1218.393682312274
mp-1008680,TiGePt,297.5857554260802,254.97641031734747
mp-1009084,BeSnAs2,523.5857374812748,498.3458916434928
mp-10155,P2Ir,483.58574065734666,455.48274432479826
mp-10159,K3Sb,135.9557896728841,132.58937561127436
mp-1018096,Ba2NF,366.5857499473565,342.74584629241383
mp-10219,YOF,593.5857319231493,583.7096218676694
mp-1022,K2S,184.5857643984827,215.17715014474652
mp-10281,ZnS,335.58575240881197,335.8107186099488
mp-10289,Ca(BC)2,1292.5856764212965,936.7363581924235
mp-10417,KSbO2,609.5857306527207,616.7487241198512
mp-10492,Rb2SiF6,762.5857185042465,764.6961199653722
mp-10547,RbAuO,545.5857357344355,558.769632471621
mp-10694,ScF3,637.5857284294706,651.6625716266856
mp-10695,ZnS,335.58575240881197,330.4654137796799
mp-10748,TaCu3S4,413.58574621547217,401.63174716464124
mp-10919,Rb2PtC2,1797.5856363233909,1802.2849267179286
mp-10969,CdCN2,2151.5856082151568,2050.3836162507746
mp-1138,LiF,593.5857319231493,518.8716554507032
mp-1153,Li2S,457.5857427217933,430.6714032989448
mp-11659,BaTi(BO3)2,1382.5856692751352,1327.6543874294102
mp-11674,Al2Se3,429.5857449450435,378.25174902105545
mp-11695,Rb2Pd3S4,348.5857513765887,322.33261863694605
mp-12427,Sr2TaGaO6,809.5033679564572,808.4104475519272
mp-12444,SrCuSF,337.5857522500084,406.56854981000726
mp-12491,CsLaCdTe3,159.58576638352753,168.924211556481
mp-12509,YZnPO,561.5857344640067,574.9703535665719
mp-12894,Y2SO2,524.5857374018732,593.4377600740651
mp-13276,SrLiP,410.5857464536776,401.32542536850474
mp-1342,BaO,374.5857493121421,375.52981053176046
mp-13676,TlPO4,1077.5856934926821,1127.552246573827
mp-13946,Rb2ZrF6,568.5857339081942,600.026118090806
mp-13947,Rb2HfF6,579.5857330347744,595.8667887931481
mp-14037,NaTl2RhF6,544.5857358138372,530.7409068279957
mp-14091,AlAgSe2,373.585749391544,356.41808335768144
mp-14116,CuRhO2,691.5857241417737,610.0367866717612
mp-1415,CaSe,184.5857643984827,193.28755003800575
mp-14588,Na2PtSe2,225.5857611430092,287.8296708089501
mp-1522,FeS2,447.58574351581115,398.4226658733149
mp-15896,Cu2SiSe3,420.58574565965966,395.9497476158019
mp-15951,BeF2,932.5857050059418,765.43983570261
mp-15953,P2Rh,466.5857420071772,437.3984861309449
mp-1639,BN,1223.58568190002,1175.850941327008
mp-16577,Li2CaHfF8,566.5857340669977,597.1007423701296
mp-16742,BaAgTeF,244.5857596343752,311.48935421854634
mp-1700,AlN,722.5857216803181,749.8501248756188
mp-1784,CsF,215.5857619370272,256.4329870437941
mp-1958,SrTe,121.58576940079568,128.83421933457768
mp-1960,Li2O,660.5857266032292,543.0924985380352
mp-19734,MgPbF6,547.5857355756318,584.3793091728752
mp-19833,InAgS2,317.58575383804435,344.861582154446
mp-20015,As2PbO6,719.5857219185235,733.7756870881615
mp-2074,Li3Sb,403.5857470094902,385.34820085040076
mp-20832,Zn(InTe2)2,160.58576630412574,202.95292847124398
mp-21276,PbS,224.58576122241104,312.6834056665123
mp-21510,K2NaInAs2,202.58576296925045,285.10037279317197
mp-21511,K2NaInP2,261.5857582845447,338.0510398266832
mp-2175,TlF,222.91912719571775,388.36662403978414
mp-2176,ZnTe,178.58576487489344,176.64403225856984
mp-22261,InCuTe2,173.5857652719024,186.90915786298203
mp-2229,ZnO,500.5857393075161,488.06756644516736
mp-22304,Cd(InSe2)2,205.58576273104512,207.29066899648424
mp-22313,Na2PtO2,599.5857314467387,565.7413328212458
mp-22894,AgI,116.58576979780462,123.2921528107354
mp-22903,RbI,74.58577313267992,79.5985774137439
mp-22934,K2PtCl4,331.5857527264192,324.0954460925619
mp-22936,Ca2NCl,468.58574184837363,470.1660748416793
mp-22957,SrClF,317.58575383804435,353.0913914892205
mp-23009,Ca2BrN,451.58574319820394,431.0670155777523
mp-23167,TlCl,155.58576670113467,181.03127488153964
mp-23251,KBr,112.58577011541179,118.71793173929012
mp-23259,LiBr,334.58575248821387,325.232617494021
mp-23550,KBrF4,508.5857386723019,589.528411369365
mp-23861,BaHCl,847.5857117550943,941.9740201552215
mp-239,BaS3,457.5857427217933,450.8316642176151
mp-24084,KH,753.5857192188628,1052.4385589763892
mp-24292,Sr2H6Ru,1774.585638149632,1893.3336287208233
mp-24423,SrHBr,897.5857077850044,984.3586212622316
mp-24424,BaHBr,820.5857138989426,925.2100996251088
mp-24428,KH2N,3336.5855141240318,3011.6799854166693
mp-24721,RbH,718.5857219979254,987.5605641278188
mp-2552,TeO3,770.5857178690321,736.2779104065927
mp-2605,CaO,466.5857420071772,464.2924138982458
mp-2646,Mg3Sb2,254.58575884035724,275.6989859454412
mp-2657,TiO2,768.3583495879683,719.9017517822298
mp-2691,CdSe,189.58576400147373,172.56711814980503
mp-27253,Au2O3,601.5857312879351,654.2191784329668
mp-27829,Rb2SeCl6,315.58575399684787,325.5048134952643
mp-27904,FeSbS,427.5857451038471,342.19819852768967
mp-27999,K5CuSb2,247.5857593961698,220.56950358349152
mp-28266,P2Pd,457.5857427217933,467.30974194969
mp-28295,CsIO3,754.5857191394607,783.3115918766555
mp-28553,Ca2IN,423.5857454214543,424.6904484232843
mp-28554,Ca2AsI,222.5857613812146,208.87080683444816
mp-28797,YHSe,1160.585686902333,1472.8407538835704
mp-29149,Li4NCl,641.5857281118634,541.6642623643509
mp-29463,LiBeN,1070.5856940484944,939.5268450562966
mp-29754,SrLiN,621.5857296998992,584.6034733378463
mp-30056,CsCaBr3,221.85373991699416,156.77013853291228
mp-3078,CdSiAs2,392.5857478829098,387.6107497139547
mp-31451,ZrCoBi,241.58575987258044,224.86116815537417
mp-31454,TaSbRu,249.58575923736615,226.61742409382728
mp-31468,LiCaN,629.5857290646849,548.9558812759817
mp-3159,Al2CdSe4,386.5857483593206,361.68841554220273
mp-3216,Li2ZrN2,662.5857264444257,704.467165863713
mp-3419,RbAuF4,584.5857326377655,542.4680337922159
mp-35220,PHN2,3355.714701120785,2517.522619859242
mp-3654,RbCaF3,471.0938502979696,435.5957179768158
mp-3762,VCu3S4,454.58574295999847,404.7972981493403
mp-38117,Ba(GaTe2)2,226.58576106360744,205.7022063372734
mp-3834,BaZrO3,763.4585635073801,696.3440617907046
mp-38970,Ga2Te3,229.585760825402,219.49792218111625
mp-3953,CaCO3,1500.5856599057233,1535.4629095414396
mp-4002,Li2ZrF6,572.5857335905872,632.4116252693093
mp-4043,NbCu3Se4,316.58575391744614,282.02330960589626
mp-4165,TaNO,816.5857142165497,734.3043615113454
mp-4547,La2TeO2,474.58574137196274,481.6645283375366
mp-4609,HfSiO4,1077.5856934926821,1004.3767726625863
mp-4627,CoAsS,400.58574724769545,376.8692313380791
mp-463,KF,249.58575923736615,257.29955091799394
mp-487,MnP4,539.5857362108462,481.9505164052109
mp-4961,Na2HgO2,614.5857302557117,583.9961059742457
mp-505297,NbSbRu,249.58575923736615,234.59068080884867
mp-5061,Li5ReO6,798.5857156457819,818.1628088160089
mp-510268,Cs2Pd3S4,347.58575145599053,315.58977053611255
mp-5132,YPO4,1132.5856891255833,1178.2660786190481
mp-5339,CsNaTe,173.5857652719024,190.5522975060701
mp-539,Ga2S3,395.5857476447045,398.6197474038007
mp-5414,NaSbS2,307.5857546320623,321.6655305681513
mp-541899,CsCdBr3,165.17565028761243,143.97962302525076
mp-5431,BaTeO3,708.8707572993352,777.070898783956
mp-5479,RbAlF4,658.2016401888546,673.9154933305713
mp-552234,SrBiBrO2,512.5857383546946,538.6495553289087
mp-552488,LaCuSeO,470.5857416895698,493.1093420930776
mp-5532,Sr2TiO4,811.5857146135588,727.4595343795258
mp-553281,Ba2LaNbO6,735.6805937023079,745.0068743333551
mp-553310,CsCuO2,663.5857263650239,609.5829112502671
mp-555286,CsNb(PO4)2,1194.9022217453005,1198.4037883040014
mp-560588,ZnS,334.58575248821387,333.1367682248204
mp-560791,CsNaTiO3,793.585716042791,807.4843942606623
mp-5652,Y2Si2O7,1074.5856937308872,1045.191992214154
mp-567652,Cs2LiYCl6,294.5857556642855,324.9895550901894
mp-567913,CsAuSe3,234.5857604283931,229.01586202153632
mp-568536,BaI2,120.58576948019743,123.96267656112816
mp-569548,CsAuBr3,236.5857602695895,224.6959539577181
mp-571093,BaAlSiH,1241.5856804707878,1245.6176801506404
mp-571102,TlI,59.585774323706815,95.28786206243966
mp-571306,Ca2Zn2CuP3,344.5857516941958,345.1741167474392
mp-571461,K4ZnAs2,324.58575328223185,262.16668868762093
mp-581024,CsK2Sb,114.5857699566082,124.218690197686
mp-5858,CdPtF6,592.5857320025513,600.6963895296685
mp-5878,KZnF3,488.5857402603377,476.574674085187
mp-6204,Cs2NaScF6,500.5857393075161,505.8725772145069
mp-625136,CsHO,3305.585516585488,3202.8393045435287
mp-641923,Cs2SnBr6,218.58576169882184,210.13424494474012
mp-642725,CaHClO,3592.585493797173,3318.5870816362085
mp-643002,Mg2H6Os,2071.5856145673,1934.399625460124
mp-643101,Rb2H6Pt,2097.585612502853,1770.7676384527895
mp-643264,BaMg2FeH8,1867.5856307652653,1748.7596402002534
mp-6654,Cs2LiGaF6,547.5857355756318,529.8423708270693
mp-676861,AlSbO4,767.5857181072374,750.5078685346368
mp-6949,InF3,575.5857333523818,606.9915781955144
mp-696804,RbHS,2564.458303244592,1931.1143196278574
mp-697044,Ba2H6Os,1853.58563187689,1791.7816367842354
mp-6983,NaAgO,552.5857351786229,569.1209881612631
mp-6984,K2SiAs2,412.58574629487396,370.0735807045781
mp-7060,LaZnPO,479.58574097495386,518.4838254369017
mp-7173,ScSbPt,258.58575852275004,232.52944893786946
mp-7232,Cs2HgO2,605.585730970328,529.2099434640788
mp-736,Li3P,500.5857393075161,473.95412933096753
mp-7449,Cs2Se3,237.58576019018776,223.83615069727082
mp-7457,SnF2,439.5857441510256,582.2196955931885
mp-7472,RbAuO2,620.585729779301,586.1035121001245
mp-7505,K2P2Pd,490.58574010153404,477.9285167245652
mp-752658,Y2SeO2,509.5857385929,577.6605805487332
mp-753946,LiCoS2,365.5857500267583,414.8434266334423
mp-754118,Sr(AsO3)2,734.5857207274968,760.2715906579484
mp-755013,Li5TaO5,861.5857106434689,782.3360613483545
mp-7575,LiZnN,596.5857316849441,577.1851260796676
mp-7596,NbNO,781.5857169956122,719.4578878271278
mp-7610,Li2CaSiO4,934.5857048471382,911.1436685724286
mp-7611,Li2CaGeO4,745.585719854077,837.5407548356529
mp-7642,K2AgAs,227.5857609842057,248.5682325777945
mp-7643,K2AgSb,195.58576352506302,192.36555809176306
mp-770932,LiSbO3,663.5857263650239,731.2789160441996
mp-7752,Sr3SbN,381.5857487563297,394.7942582926872
mp-7903,Cs2ZrF6,562.5857343846051,582.9411231570446
mp-7906,Al2HgS4,465.5857420865789,401.8117471503494
mp-7908,Al2ZnTe4,332.5857526470174,326.7581235021348
mp-7909,Al2CdTe4,332.5857526470174,323.5192722579859
mp-7911,KCuO,635.5857285882743,613.4196134258415
mp-7921,MgPdF6,642.5857280324616,641.07925795375
mp-7931,SrP,426.5857451832489,383.82681989350226
mp-7936,LiNbS2,357.5857506619725,349.6722893387112
mp-8175,KTlO2,418.58574581846324,457.8490194913376
mp-8177,HgF2,354.58575090017797,392.8415791839033
mp-8180,LiNO3,1445.585664272822,1464.611761899224
mp-8212,Cd(PtO2)3,689.5857243005772,651.620223737844
mp-8217,Cs2GeF6,588.5857323201583,623.9199743474627
mp-830,GaN,670.5857258092112,693.136568339546
mp-8335,Ba2ZrO4,726.5857213627112,672.0617914302359
mp-8361,CsTe,166.585765827715,168.50051251471405
mp-8399,CsCdF3,436.58574438923085,429.6540568301344
mp-8405,Li3LaSb2,384.58574851812415,312.7253143843943
mp-8411,Na2AgAs,243.5857597137769,286.9950810364531
mp-8455,CsF,213.47561009872064,352.05182587338976
mp-8459,CdSO4,1186.5856848378864,1189.1131168714671
mp-8615,NbBO4,1091.5856923810568,1229.4574166618913
mp-861937,Ba2AsAu,113.58577003600998,116.88865919343047
mp-8658,CsNaSe,195.58576352506302,211.58278600027074
mp-8697,ScBO3,1315.585674595055,1410.0071046788703
mp-8703,Na3SbSe4,251.99023701445657,338.3312288421036
mp-8724,K2TeO3,731.5857209657021,769.2619864424416
mp-8752,Na4CdP2,353.58575097957976,358.67507997832126
mp-8756,KLiSe,366.5857499473565,356.8036788456252
mp-8874,LiSiBO4,1106.5856911900298,1141.4975012431432
mp-8882,GaP,376.58574915333855,380.9817488042894
mp-8922,Cd(SbO3)2,656.5857269208365,711.2565059983531
mp-8963,Cs2HgF4,405.017588021876,424.6414587454073
mp-9008,RbTeAu,203.58576288984864,191.40311344265888
mp-9107,NaZrCuS3,313.352607426604,336.0607595508657
mp-9126,Sr(SbO3)2,652.5857272384436,659.6494901709777
mp-9205,KSeO2F,869.7640424355068,998.674317482498
mp-927,CuP2,486.5857404191413,471.43574162207767
mp-9307,Ba2ZnN2,659.5857266826313,620.1957149686513
mp-9383,SrHfN2,590.5857321613547,596.2501915555724
mp-9564,Ca(MgAs)2,306.58575471146406,319.34857916796875
mp-9575,LiBeSb,468.58574184837363,472.81258121184555
mp-9610,Li2CN2,2042.5856168699515,1988.797621140805
mp-961682,TiSnPd,248.585759316768,251.530610584261
mp-961687,ZrSnPd,211.58576225463432,210.15276901297747
mp-961693,ZrInAu,196.5857634456612,208.66755658467733
mp-961711,ZrSiPt,320.5857535998389,374.1346651466786
mp-9631,AlAgO2,780.5857170750141,701.1142688790178
mp-9657,LiAsO3,722.5857216803181,762.4045469616184
mp-9720,Rb3BP2,1114.5856905548158,1022.7447349186494
mp-973185,ScAgO2,566.5857340669977,594.6865146450554
mp-9780,RbHfAgTe3,154.5857667805365,194.01586643441792
mp-979137,SrGaSiH,1124.5856897607975,1220.2736821629987
mp-980057,SrAlGeH,1230.5856813442074,1233.969681075513
mp-9844,BaAl2B2O7,1377.585669672144,1302.3385888141431
mp-9856,Cs2ZrSe3,289.5857560612945,219.05857982265508
mp-989407,YWN3,955.5857031797003,908.5514043839934
mp-989523,Rb2NaAsF6,477.2236575467816,534.5015494373507
mp-989535,Cs2AlInH6,1340.341044368494,1503.0776597078636
mp-989571,Cs2NaInCl6,285.58575637890164,316.74952796825977
mp-989635,CaMoN3,1002.9447513380701,1295.2275106435723
mp-989643,LaCoN3,1840.5856329091127,1901.8916280413027
mp-997036,CdAuO2,634.585728667676,582.723784641068
mp-997041,NaCuO2,675.5857254122026,647.0257020025228
mp-998413,CsSeBr3,190.0023038850011,229.14066117583138
mp-998552,BaHfO3,774.5857175514249,711.4511472914255
mp-1008559,BP,795.5857158839873,831.3423998563483
mp-1009082,MgSnAs2,276.58575709351777,344.60431274794803
mp-1009087,BeSiAs2,528.5857370842659,551.1129351245544
mp-1009088,BeGeAs2,540.5857361314445,543.9514640583382
mp-1014244,ZrZnN2,650.5857273972472,665.3627688113978
mp-1020019,Li2PNO2,1100.5856916664407,1132.988996727353
mp-10226,NaYS2,279.5857568553124,308.46224185968526
mp-1029,BaF2,301.58575510847294,371.11717797629575
mp-10760,MgSe,302.5857550290712,285.86285935192274
mp-11020,GaAgO2,614.5857302557117,653.2131376544244
mp-11022,ScAgO2,577.5857331935781,617.3721975512822
mp-11175,LiZnPS4,571.5857336699888,530.0696706622804
mp-1143,Al2O3,792.5857161221927,810.073837657488
mp-11715,MgSn(BO3)2,1341.5856725306085,1332.185944465703
mp-11718,RbF,233.5857605077949,262.2776271852333
mp-11739,KLaTe2,144.5857675745544,168.9645921931466
mp-11919,Sr(BeN)2,1049.5856957159324,665.1352440234491
mp-12016,Rb2SiS3,579.5857330347744,607.9667217100123
mp-12535,K2ZnTe2,187.58576416027734,192.2694562080488
mp-12622,SrPdF4,526.5857372430696,556.5476292452701
mp-12623,BaPdF4,520.5857377194803,560.9171852762909
mp-12814,Ba3SbN,435.58574446863264,380.8089397332743
mp-12927,Ba(BeN)2,1002.5856994478163,658.4452539357375
mp-13033,MgTe,261.5857582845447,258.4927184870732
mp-13660,Ca4Sb2O,401.58574716829366,405.4730144530791
mp-13800,Cs2NaTlF6,443.58574383341835,462.6932380245106
mp-13925,Cs2NaYF6,461.585742404186,500.60667712493506
mp-13948,Cs2HfF6,572.5857335905872,563.7226448083212
mp-13992,Cs2Pt3S4,375.58574923274034,326.6759878376596
mp-14017,K3Sb,136.26216674540237,166.8984529322234
mp-14088,Rb2PdF6,614.5857302557117,589.7445065061866
mp-14205,K3Cu3As2,287.5857562200981,255.1128452420565
mp-14206,K3Ag3As2,236.5857602695895,229.2815222622343
mp-14333,TaAlO4,955.5857031797003,1002.2250034031056
mp-15157,Cs2CaF4,435.58574446863264,404.3301215308732
mp-15684,K2CuAs,282.58575661710705,272.2490238087047
mp-15704,BeSiN2,982.585701035852,973.0293944404358
mp-15777,Zn(GaTe2)2,208.5857624928397,208.52583137712483
mp-1591,Al4C3,850.5857115168886,624.8701759349497
mp-20072,LaCuO2,640.5857281912653,559.6670002900411
mp-20098,Ba2PbO4,635.285556532021,641.2949580355324
mp-20210,Ag2PbO2,496.5857396251232,575.0639326285959
mp-20256,K3InP2,263.5857581257411,324.004489273919
mp-20289,NaInS2,270.5857575699285,330.0288736592247
mp-20352,Ba3In2O6,620.585729779301,648.057594591278
mp-20459,TiPbO3,800.4307672174878,800.32832344853
mp-20731,In2HgSe4,204.58576281044685,225.02116719311834
mp-20782,LiInTe2,325.58575320282995,291.93879557849687
mp-20790,InPS4,565.5857341463998,524.9300458250925
mp-22323,In2O3,583.5857327171674,636.2896621790677
mp-22450,Li2PbO3,626.5857293028903,657.6676960354544
mp-22583,KInP2S7,599.5857314467387,549.013334998247
mp-22896,LaCl3,241.58575987258044,303.3608396128065
mp-22901,KI,93.58577162404586,105.70382984969405
mp-22913,CuBr,177.58576495429523,226.69208218722792
mp-22914,CuCl,253.58575891975903,357.3454792073541
mp-22922,AgCl,183.58576447788448,260.25918412893174
mp-22956,K2PdCl4,331.5857527264192,327.9344889618701
mp-22984,NaBiO2,543.8612030793709,575.5485528349802
mp-23004,CsMgCl3,368.58574978855285,303.62886159619075
mp-23023,LaBrO,476.58574121315917,485.5791163614207
mp-23054,NaBiO3,553.5857350992212,638.8627342883877
mp-23060,Cs2PtI6,177.58576495429523,177.5653702996141
mp-23091,Ba2BiSbO6,653.9614869773397,657.2609939433935
mp-23092,Ba2TaBiO6,745.5485956310678,717.4592776703655
mp-23116,CuBiSeO,437.5857443098292,540.0511601413558
mp-23197,TlI,66.58577376789428,91.33403272660301
mp-23214,CaCl2,257.5857586021519,311.78187241400684
mp-23299,RbCl,129.58576876558132,187.3276762908128
mp-23353,Cu2HgI4,146.58576741575087,173.15463652700822
mp-23406,Cs2PtCl6,332.5857526470174,307.2947618352788
mp-23737,KMgH3,1362.585670863171,1310.626696475761
mp-23804,Mg2FeH6,1943.585624730729,1868.0968869237793
mp-24341,CsBeH3,1784.5856373556146,1425.1403733213976
mp-2488,SiOs,504.5857389899089,412.79137226483493
mp-2534,GaAs,259.58575844334825,276.87003732778044
mp-2574,ZrO2,686.5857245387828,675.5635875606808
mp-27207,K2MgCl4,331.59810336415944,341.59551626366937
mp-27255,Ga2TeS2,369.5857497091512,382.4117486907432
mp-27294,Ca3AsBr3,244.5857596343752,197.7112002472861
mp-27385,KTlCl4,270.5857575699285,389.81380876421576
mp-27549,K2AgBi,169.5857655895096,191.1371636183769
mp-27562,Na2Pd3O4,563.5857343052032,574.1830397213508
mp-27827,Rb2TiCl6,376.58574915333855,322.67423379451515
mp-27828,Cs2TiCl6,366.5857499473565,312.80091158043524
mp-27869,Ba2PCl,230.58576074600026,217.84979130494898
mp-28111,K3NO3,1212.5856827734399,1625.1656500138427
mp-28270,KCuS,428.5857450244453,363.63903895605205
mp-28453,CsAuI3,191.58576384267016,182.9542371171931
mp-2858,ZrO2,737.5857204892912,736.7926628465945
mp-28873,CsBrO3,790.5857162809963,853.1197722189845
mp-28994,KLi2As,450.5857432776057,409.94803809680354
mp-29209,Ba(MgBi)2,233.5857605077949,235.9440752955005
mp-2964,NaNO2,1331.5856733246264,1588.3134889404987
mp-29678,AgBiS2,234.06886996956717,286.7957722766594
mp-30062,Cs2PtBr6,228.58576090480392,216.6167419187563
mp-30250,YAgO2,555.5857349404176,602.5328168352172
mp-30456,SrLiBi,322.5857534410353,319.55597403664785
mp-30460,YNiBi,182.58576455728627,219.18462566855902
mp-3074,KAgO,542.5857359726408,601.9766001021964
mp-30847,TiSnPt,264.5857580463393,243.0245024102305
mp-31212,K2MgF4,502.5857391487126,485.266918104595
mp-3125,K3Zn2F7,504.5857389899089,484.2883179259068
mp-32880,CuBr,177.58576495429523,226.56408219739137
mp-3432,ScNiSb,262.5857582051429,273.0375763481329
mp-3481,KSnAs,179.58576479549168,244.01153509081993
mp-34932,CaHN,3285.230902043269,1839.1986092267985
mp-35777,Mg(InTe2)2,257.5857586021519,278.3371297742094
mp-36066,PNO,1369.9735422635215,1271.2696782347373
mp-3637,YOF,560.5857345434086,579.5213113470218
mp-3813,Ba2ZrS4,456.97355178318014,395.9675112554536
mp-4009,BaPdS2,328.5857529646245,305.86544207715355
mp-4035,RbReO4,977.585701432861,1027.4624520929383
mp-4047,Cs2SiF6,735.5857206480949,665.7993903753847
mp-4156,Li2ZrO3,747.6702578770523,723.2338147880791
mp-4236,BaZnO2,619.5857298587027,519.9479568593677
mp-4360,NaCdF3,429.5857449450435,498.5265277845648
mp-4452,Cd(GaS2)2,352.5857510589816,376.21574918271875
mp-4495,KLiTe,325.58575320282995,340.1427912129472
mp-4524,ZnGeP2,381.5857487563297,382.90974865120074
mp-4636,ScCuO2,656.5857269208365,623.3813657022328
mp-4763,ZnSiP2,477.5857411337574,477.48774114154014
mp-5122,Na3AlP2,399.5857473270973,378.94010729832297
mp-5175,NaInO2,486.5857404191413,577.253061456055
mp-5350,Zn(GaS2)2,358.5857505825708,382.61374867470585
mp-543024,Cs2Pd(IBr2)2,257.5857586021519,211.94147977311195
mp-545359,KNa2CuO2,641.5857281118634,615.2890000196878
mp-545544,Ba2TaBiO6,744.6165269361184,708.7029564691882
mp-5488,LiInO2,610.585730573319,635.0458682350885
mp-551456,Ba2CuClO2,628.5857291440867,615.0630527178686
mp-553303,CsCu3O2,605.585730970328,451.0702756878501
mp-553961,ScNbO4,802.5857153281747,838.5979043815175
mp-554412,RbTa(PO4)2,1208.1195814195778,1188.7710380019678
mp-556405,LaCN2F,2063.585615202514,1838.2667707930957
mp-558430,BaB2F8,1151.5856876169494,1215.508857490304
mp-5588,BaSiF6,785.5857166780053,756.6788981493064
mp-561561,Cs2KRhF6,543.5857358932392,474.56680611086244
mp-561586,CsLaS2,247.5857593961698,269.7704832485764
mp-561902,CsAg3S2,268.5857577287321,308.37522700308665
mp-561947,CsHgF3,422.0160755603324,391.17552862406905
mp-567290,LaN,501.58573922811433,495.5529526951901
mp-567666,Ba3BiN,430.5857448656418,365.51127174716
mp-567680,BaCl2,225.5857611430092,223.21249165885652
mp-568273,LiI,247.5857593961698,313.30841562909154
mp-568544,CsCdCl3,271.5857574905268,263.0159924283525
mp-568560,TlBr,87.5857721004566,98.6514030054773
mp-568662,BaCl2,184.5857643984827,213.26822051884898
mp-569639,TlCl,149.58576717754542,228.20799779179492
mp-569677,Sr2IN,375.58574923274034,391.9664742425419
mp-5707,CsAsF4,620.585729779301,648.2490489706154
mp-570935,LiI,321.5857535204372,307.26678367932334
mp-5782,AlAgS2,436.58574438923085,459.7737425480637
mp-5795,CaMg2N2,542.5857359726408,570.4644277840647
mp-5840,LiScO2,689.5857243005772,607.2044425241738
mp-5853,LiSi2N3,1062.5856946837089,1019.2137965975435
mp-5928,Al2CdS4,457.5857427217933,465.431742098808
mp-5967,TiCoSb,293.58575574368734,292.48147429018843
mp-626785,KHO,3261.585520079166,3242.9616135695314
mp-643243,Cs2H6Pt,2094.5856127410584,1744.9912834637978
mp-643279,K2H6Pt,2100.5856122646474,1956.3266683477145
mp-644203,CsCaH3,1220.5856821382256,1155.5279021734923
mp-6586,K2NaAlF6,643.5857279530597,642.1905775989234
mp-6660,BaNaBO3,1271.585678088734,1262.8983354805277
mp-675902,YCuSe2,221.58576146061642,252.86924869160254
mp-676464,Cd3AsI3,240.5857599519823,187.5692633443813
mp-6960,Rb2SiAs2,406.58574677128473,382.8877927623473
mp-697133,Cs2CaH4,1188.5856846790828,1078.452311602131
mp-6972,YCuO2,652.5857272384436,618.1631881212369
mp-7077,KAuS,335.58575240881197,336.86359779307986
mp-7140,SiC,845.5857119138975,854.8665329292176
mp-7148,K2SrTa2O7,887.811580454068,888.4009951613151
mp-7176,RbLaSe2,165.58576590711678,219.82137446252176
mp-7233,La2SeO2,445.5857436746148,475.77213371152345
mp-7297,Cs2SnF6,533.585736687257,572.2285669082556
mp-733,GeO2,910.5857067527812,911.6814195468112
mp-743,RbN3,2096.5856125822547,2072.491614495357
mp-7436,KCuTe,194.5857636044648,221.7276904849365
mp-7437,KZnP,353.58575097957976,346.28487606007064
mp-7467,RbCuO2,669.5857258886133,635.4765974422355
mp-752580,RbNO2,1321.5856741186446,1471.0242232299372
mp-753260,LaAgO2,536.7372200565968,537.9930817641794
mp-753287,CaCdO2,465.5857420865789,488.7444270170396
mp-754329,CdSnO3,589.5857322407568,651.3583780219288
mp-7547,BaSe2,225.5857611430092,225.7204756983151
mp-755287,Ca3CdO4,480.58574089555196,511.8440276355499
mp-755895,Ba3Zr2O7,737.4038770818173,710.8042113636315
mp-760417,Rb4I2O,270.5857575699285,286.1597313304914
mp-7608,Li2PdO2,611.5857304939171,589.3830970323867
mp-772290,LiAgO,603.5857311291314,580.5803880861014
mp-7738,LaSeF,319.58575367924067,404.0437447045766
mp-776532,HfO2,759.5857187424518,724.5248339211807
mp-7825,K2GeF6,607.5857308115244,659.6169820817192
mp-7849,AlAsO4,990.5857004006378,1070.238192076619
mp-7863,Rb2Sn2O3,674.5857254916042,604.3331715767274
mp-7895,Rb2O2,832.5857129461209,814.1194400757947
mp-7910,Al2HgTe4,329.58575288522275,321.7861618708794
mp-7929,Rb2PtS2,350.5857512177851,316.79166221869764
mp-7940,KNbSe2,259.58575844334825,252.14743420363087
mp-7988,Cs2O,269.5857576493304,271.7718643140534
mp-8041,Rb2S,174.58576519250062,238.09103963767947
mp-8127,K2Mg(CO3)2,1531.5856574442678,1508.8722854502591
mp-8145,RbScO2,545.5857357344355,534.3113969101478
mp-8176,RbTlO2,411.5857463742758,438.673427252419
mp-8200,AgP2,464.58574216598083,464.6817421583587
mp-8208,Mg(PtO2)3,734.5857207274968,684.547110633597
mp-827,KN3,2109.5856115500314,2081.87361375041
mp-8299,Sr4As2O,440.3395289741532,412.6638724550844
mp-8402,RbMgF3,459.58574256298965,472.88767084728795
mp-8454,KF,204.58576281044685,333.2227972712238
mp-8579,Ba(AgS)2,250.5857591579644,297.6352623168203
mp-865185,Mg(BeAs)2,493.5857398633288,567.2317961180127
mp-866132,Na2TlSb,168.24815042310587,204.0881165716002
mp-866141,TiFe2Si,412.58574629487396,392.9368986033176
mp-867193,Sr2BiAu,121.58576940079568,116.90411004853772
mp-8789,Ca4As2O,474.58574137196274,448.69183172692533
mp-9063,RbSe,254.58575884035724,241.13568458933085
mp-9127,Ba(SbO3)2,644.585727873658,681.000619696296
mp-9158,LiCuO2,630.5857289852831,625.439618883464
mp-9198,Fe(SiP)4,504.5857389899089,494.2047888511456
mp-9200,K3AuO,286.5857562994999,286.35329236965765
mp-924128,HfNiSn,239.5857600313841,233.3107283165468
mp-924130,TiNiSn,272.585757411125,273.77016868825774
mp-9244,LiBC,1204.5856834086542,1223.7716962996992
mp-9262,Cs2PtF6,584.5857326377655,569.0367406299181
mp-9295,TaCu3Te4,223.58576130181282,225.5519425927337
mp-9384,CsAu3S2,341.58575193240125,359.2033276632067
mp-9567,Ba(MgSb)2,252.58575899916082,250.41552221500234
mp-9583,K2ZnF4,493.5857398633288,482.64814623022863
mp-9595,NbInO4,783.5857168368087,780.8052218012756
mp-961684,LiCaAs,305.58575479086585,360.5078411335753
mp-9664,K3BP2,1117.5856903166102,1176.1997340566297
mp-966800,InP,328.5857529646245,330.0563456373106
mp-9692,K2GeSe3,308.58575455266043,284.2971283915542
mp-9731,RbAuSe,231.03896111579812,223.30520323375316
mp-9732,BaNaP,211.58576225463432,236.4648587997278
mp-974381,Rh2S3,411.5857463742758,411.4983391706712
mp-974603,HgF2,471.84628776184684,430.2425245085463
mp-976876,K2PtC2,1801.585636005784,1812.1956351633355
mp-978847,SrGaGeH,1159.5856869817349,1186.9636848078715
mp-981,SrF2,334.58575248821387,391.9187943368786
mp-984761,CsRb2Sb,73.56765209308998,97.45670133840852
mp-9855,KHfCuS3,334.58575248821387,332.24733590823223
mp-9872,K4BeP2,848.5857116756923,575.5305738244557
mp-989558,Cs2TlGaF6,501.58573922811433,537.488312082001
mp-989625,SrWN3,1012.5856986537982,989.8233375370571
mp-9915,LiBeP,555.5857349404176,705.1097434592378
mp-991652,VCu3Te4,289.5857560612945,230.72911656426518
mp-996959,LiAuO2,653.5857271590419,611.4445926415757
mp-996962,LiAgO2,595.5857317643457,594.882152396156
mp-997086,SrAgO2,525.5857373224713,582.2787828696491
mp-998156,RbSnCl3,238.4559452332465,288.0804985934752
mp-998433,CsSrBr3,157.58576654233113,173.01640768985442
mp-998599,KCaBr3,212.5857621752325,215.92286649653192
mp-1009733,Ca2Si,240.5857599519823,256.8373289718576
mp-10163,NaAlTe2,338.5857521706066,306.32279811519385
mp-10182,LiZnP,400.58574724769545,407.49727896994943
mp-10250,BaLiF3,481.5857408161503,453.9335772351179
mp-10418,RbSbO2,607.5857308115244,627.8789876936063
mp-11265,BaCaSn,170.5857655101078,161.22489544080497
mp-11327,Rb2Se,99.58577114763511,110.86000416766284
mp-11583,Zr2SN2,679.5857250945952,658.7474051045023
mp-11869,HfSnPd,197.58576336625939,204.02322375988385
mp-12418,SrCaGe,200.58576312805405,181.59632913715893
mp-1243,Ga2O3,674.5857254916042,694.3767358121438
mp-12779,CdTe,144.5857675745544,136.75746834882906
mp-1287,KS,478.5857410543556,469.91556639778116
mp-12885,BaAl2Sb2O7,978.5857013534593,753.9130098938973
mp-12908,ScAgSe2,247.5857593961698,233.2254834536068
mp-13056,Ba2LaTaO6,754.4592429505203,740.1241028965464
mp-1345,CaP,432.585744706838,388.31484092520986
mp-13548,Cs2Pt,83.42622265888586,109.06192912280538
mp-13868,PdF4,652.5857272384436,620.3936683189597
mp-13903,ZnSnF6,609.5857306527207,620.5435816905504
mp-13949,Cd(GaTe2)2,208.5857624928397,204.08312641662135
mp-13983,ZnPdF6,623.5857295410957,620.384263988809
mp-1413,P2Ru,453.5857430394004,456.95051839025865
mp-14285,CoP2,477.5857411337574,449.02174340179
mp-14398,CaSn(BO3)2,1340.5856726100105,1269.2485542451752
mp-14983,Si4P4Ru,502.5857391487126,491.13974005754363
mp-1500,BaS,218.58576169882184,218.9012114502639
mp-1519,CaTe,163.58576606592038,146.66037620007788
mp-1541,BeSe,565.5857341463998,520.6934151665401
mp-1550,AlP,430.5857448656418,429.30174496759577
mp-15556,Rb2As3,280.7913011441348,232.8294677677096
mp-15649,As2Ir,295.5857555848837,257.90645535611196
mp-15781,KLaS2,253.58575891975903,285.99628827378206
mp-15999,Li3AuS2,399.5857473270973,385.1646577978732
mp-160,B,1164.5856865847259,900.351206696191
mp-1747,K2Te,129.58576876558132,125.41629684685486
mp-1873,ZnF2,469.58574176897173,524.0937021867011
mp-1922,RuSe2,260.58575836394647,276.7141482349425
mp-1968,La2O3,523.5857374812748,517.460818737082
mp-19765,In2HgTe4,166.585765827715,185.04296558629292
mp-2008,FeAs2,330.5857528058209,308.82913652108573
mp-20187,LiInSe2,351.58575113838333,308.9578313138499
mp-20329,InAgO2,571.5857336699888,588.8835711787932
mp-20450,YCrB4,935.5857047677364,787.9110263190953
mp-20817,GePtSe,256.58575868155367,244.6297288817749
mp-223,GeO2,910.5857067527812,925.5319200683734
mp-22473,NaInSe2,168.5857656689114,279.7688634689939
mp-22607,Zn(InSe2)2,208.5857624928397,246.29883675212687
mp-22660,InAgO2,571.5857336699888,581.3444519371586
mp-2286,Li2Se,400.58574724769545,398.25823830260896
mp-22867,RbBr,86.58577217985842,92.65692544120273
mp-22888,CaBr2,222.5857613812146,191.74885295540656
mp-22895,CuI,153.58576685993827,171.8081176701563
mp-22905,LiCl,393.58574780350807,400.3719201736159
mp-22909,ZnCl2,310.5857543938568,354.1946120970107
mp-22937,Na4I2O,354.58575090017797,377.7475436535136
mp-23018,BiSbO4,727.5857212833093,748.8426516891873
mp-23025,LaClO,494.58573978392684,481.7158769585753
mp-23059,Rb2SnCl6,319.58575367924067,320.497530038137
mp-23127,Ba2BiSbO6,652.5857272384436,680.3188949971443
mp-23231,AgBr,127.58576892438492,120.15020522150066
mp-23260,BaI2,106.58577059182257,127.48326341151578
mp-23263,LaBr3,160.58576630412574,198.9413278795028
mp-23484,CsAuCl3,335.58575240881197,314.45344399659893
mp-23818,BaLiH3,1013.5856985743968,1320.8757171489265
mp-23949,RbCaH3,1285.585676977109,1236.0032346314333
mp-23956,K2MgH4,1333.5856731658228,1333.176248402677
mp-24007,Rb2HBrO,3643.743437099969,3312.205678897032
mp-25305,Y2Ti2S2O5,1001.585699527218,731.9387716760564
mp-2624,AlSb,291.58575590249086,328.9057529392149
mp-267,Te2Ru,234.5857604283931,182.19002983192385
mp-2697,SrO2,926.9151354639647,921.1069044896157
mp-27138,K2PdBr4,254.58575884035724,236.83917985294778
mp-27300,RbAuBr3,238.58576011078603,206.80858655451902
mp-27303,NaAg3O2,496.5857396251232,511.61338055477756
mp-2741,CaF2,373.585749391544,438.6318005190436
mp-27421,RbBiF6,552.5857351786229,573.3430045753488
mp-27456,BaBr2,125.58576908318848,158.46529608532677
mp-27546,CaClF,360.58575042376714,434.37975536253566
mp-27678,Y2Cl3,251.58575907856255,313.9186888892027
mp-27716,KTlO,339.58575209120477,500.08051669481813
mp-27830,Cs2SeCl6,304.58575487026764,297.85770843289004
mp-27985,YClO,556.5857348610158,543.866910341264
mp-28020,AlCuCl4,495.5857397045252,534.4905455713495
mp-28069,Ca3AsCl3,287.5857562200981,292.7910812917668
mp-28264,RbH3O2,3521.5854994346996,3023.474109773617
mp-28377,CsGeI3,160.620206064518,182.06492796959256
mp-2894,ScSnAu,234.5857604283931,234.07030005699505
mp-29025,Li5Br2N,669.5857258886133,559.0770303485297
mp-29055,KSb2,152.5857669393401,177.15743864185583
mp-29151,Li5NCl2,632.5857288264797,620.6220990583263
mp-29163,Ag2TeS3,334.58575248821387,369.853026467317
mp-29208,Ca(MgBi)2,235.58576034899133,251.0344099296427
mp-29364,Li5SbO5,768.9388632748868,805.6524822182919
mp-29403,GaCuI4,213.58576209583072,214.13086037559776
mp-29484,K4HgAs2,230.58576074600026,251.48128050241007
mp-29521,RbBiO2,551.5857352580248,577.8097657212468
mp-29585,K4CdAs2,257.5857586021519,265.8087488783519
mp-2979,ZnGeN2,758.5857188218538,788.7392555737032
mp-30041,RbBiS2,236.5857602695895,301.93534885575116
mp-3038,Al2HgSe4,383.585748597526,374.07352452775046
mp-304,Ca2Ge,223.58576130181282,198.57960247295836
mp-3042,K2SiF6,779.5857171544162,756.8251344536734
mp-30459,ScNiBi,236.5857602695895,220.248085133478
mp-3054,Li2CO3,1542.5856565708484,1512.1844301249434
mp-3056,NaTlO2,428.5857450244453,489.0151278369725
mp-3098,AlCuO2,836.5857126285138,797.9746159770853
mp-30988,KBiO2,550.5857353374264,583.3493773572176
mp-3247,Cs2TiS3,441.5857439922218,366.8717893190024
mp-3359,Ba2SnO4,693.5857239829703,666.969755572431
mp-34126,Cu4SnP10,491.5857400221323,469.6417417645242
mp-34169,Zn(InSe2)2,208.5857624928397,245.72421878550298
mp-34293,CsTaN2,1054.168039020076,726.9863500754693
mp-34579,Na3HfF7,547.5959088769893,603.679898194817
mp-3524,LiPN2,1111.5856907930208,1148.9053582982142
mp-3614,KTaO3,876.5857094524423,759.4285932335274
mp-3642,ScCuO2,657.5857268414347,653.305283955612
mp-370,CdS,251.01789069958312,275.9700022755941
mp-3700,LiYF4,546.5857356550338,599.7097413843009
mp-3772,Cd(GaSe2)2,250.5857591579644,253.6926104125946
mp-3839,GaCuTe2,204.58576281044685,216.37967434817082
mp-406,CdTe,144.5857675745544,116.8901168909948
mp-4081,TaCu3Se4,278.5857569347142,267.52606387971383
mp-4124,CaCN2,2148.5856084533616,1898.2263169450398
mp-4175,ZnSnP2,345.58575161479416,358.00169186921124
mp-4187,Ge2N2O,904.585707229192,897.0612081038869
mp-4200,ScPO4,1154.5856873787438,1169.7385003646345
mp-4385,CdCO3,1470.585662287777,1497.1750908889635
mp-4555,Ca(AsO3)2,739.5857203304878,733.7112188562247
mp-4586,LiAlTe2,331.5857527264192,321.61343661091286
mp-4666,CdSiP2,476.58574121315917,458.97574261142347
mp-486,NiP2,465.5857420865789,473.3917414667681
mp-5012,Li2SiO3,1018.5856981773877,1079.8997369629005
mp-5046,BeSO4,1234.5856810266002,1248.1975699243771
mp-504838,CsPS3,653.5857271590419,726.9779376334085
mp-5342,GaAgS2,347.58575145599053,366.9145588771837
mp-5377,YTaO4,801.5857154075765,894.3624575767948
mp-540584,K2PdO2,549.5857354168284,586.6657394391636
mp-540703,Cs2S,184.5857643984827,249.83410296125106
mp-547792,KSbO3,624.5857294616939,698.2867417579755
mp-549697,RbGeIO6,694.5857239035686,704.3398644405654
mp-552806,BaBiClO2,542.5857359726408,542.8057649028347
mp-552934,Ba2CuBrO2,628.5857291440867,588.2962034574765
mp-553342,CsBe2BO3F2,1384.5856691163315,1329.3589963538755
mp-555874,LiAsS2,385.58574843872236,471.13231171523097
mp-560790,Cs2NaBiF6,442.5857439128201,501.1040549489211
mp-567373,LaCN2Cl,2145.585608691567,1771.2012254099195
mp-567655,Sr2C(NCl)2,2084.5856135350764,1803.4373922680334
mp-567744,SrBr2,133.58576844797415,193.95456225313964
mp-568018,RbSb2,168.5857656689114,181.51871171805362
mp-569442,RbAuCl4,348.5857513765887,312.4584037075877
mp-569812,BaN3Cl,2181.5856058331024,1956.0651847678876
mp-570008,Sr3BiN,365.5857500267583,388.44594190512004
mp-570485,SrAlSiH,1205.5856833292526,1252.2162497351678
mp-570844,Ga3Os,313.58575415565144,246.6493738622617
mp-571222,CsBr,72.58577329148352,82.24804109381706
mp-573658,Cs3BAs2,980.5857011946556,910.6890003020367
mp-5860,K2HgO2,617.5857300175064,596.0361911740532
mp-602,Te2Mo,256.58575868155367,186.58859731928752
mp-626620,RbHO,3289.585517855917,3274.2857536068677
mp-642648,KP(HO)2,2275.5855983693336,3224.955290152768
mp-6459,CaMg(CO3)2,1519.5856583970894,1499.6395733111829
mp-6494,K2Ca(CO3)2,1520.5856583176874,1500.744613169856
mp-675011,CsPF6,852.4579164643103,902.1999385308495
mp-675104,Na3YCl6,271.5857574905268,323.7272856323349
mp-684690,Sc2Se3,296.585755505482,278.24383558611544
mp-697030,Mg2H6Ru,1976.585622110471,1945.9017104946454
mp-6980,ScCuS2,361.5857503443654,360.467834304467
mp-7027,InBO3,1309.585675071466,1336.7557302202295
mp-7067,Ca(CdAs)2,185.58576431908094,198.0064947664559
mp-7089,KMgSb,260.58575836394647,249.30735497847542
mp-7100,LaOF,526.5857372430696,475.951910539434
mp-7104,CsCaF3,436.58574438923085,443.7670818260282
mp-7219,Na2ZrSe3,226.58576106360744,274.86868413075103
mp-7439,K3Cu3P2,371.58574955034754,365.41768926338693
mp-753802,Sc2Ti2O7,926.5857054823524,772.2191907867316
mp-754368,NaSbO2,619.5857298587027,612.8102522314174
mp-754710,Sr2CaI6,163.58576606592038,171.57143773295473
mp-7566,InPO4,1129.5856893637886,1130.734416338025
mp-766,As2Ru,289.5857560612945,285.0674594226937
mp-768368,K4I2O,289.5857560612945,293.60955800219523
mp-774907,KLiZnS2,450.5857432776057,343.4975400079708
mp-7770,Sr(ZnAs)2,190.58576392207195,200.31644629624583
mp-7786,CsCu3S2,426.5857451832489,332.62167701515784
mp-7848,AlPO4,1208.585683091047,1194.3658672083127
mp-7896,Cs2O2,829.0174567200193,746.1493689725127
mp-7922,CaPdF6,632.5857288264797,608.7599848551866
mp-7928,K2PtS2,351.58575113838333,324.8233257612995
mp-7939,NaNbSe2,266.5857578875357,279.9528891881126
mp-7955,Li3Sb,423.1282952930162,406.5365401620807
mp-7972,RbLaO2,443.58574383341835,480.56926194264287
mp-7979,K2PdF6,615.58573017631,593.9071121801597
mp-8042,ZrGeO4,799.5857155663801,874.6932422963323
mp-8058,YAsO4,903.5857073085936,944.9368157127749
mp-8098,InGaO3,647.5857276354526,699.1668973481516
mp-8161,CaPdF4,533.585736687257,569.1834189957268
mp-8188,KScO2,557.585734781614,603.43531405353
mp-8207,Zn(PtO2)3,739.5857203304878,677.7717211540931
mp-8256,ZnPtF6,621.5857296998992,604.7670241915457
mp-8279,Ba(CdP)2,276.58575709351777,290.93252905493597
mp-8280,Ba(MgAs)2,288.5857561406963,286.86430535115403
mp-8407,Li3LaP2,456.5857428011951,398.3789623124243
mp-8409,KYO2,496.5857396251232,566.8340544750381
mp-856,SnO2,717.5857220773271,693.572094984632
mp-8622,Rb2PtSe2,207.58576257224152,212.4373812002021
mp-862947,Ba2BiAu,94.58577154464407,109.10024029015598
mp-8630,SbIrS,354.58575090017797,351.8549857959479
mp-866291,AgBr,143.5857676539562,121.19008891011087
mp-8751,RbLiS,376.58574915333855,363.97934508347413
mp-8861,Rb2MgF4,450.5857432776057,477.989375612276
mp-8884,ZnTe,179.58576479549168,188.21344724434698
mp-8891,K2Zr(BO3)2,1376.5856697515458,1277.8199341619481
mp-8930,K2GeAs2,262.5857582051429,269.9715969359491
mp-8931,Rb2SnAs2,217.5857617782236,226.13827080915868
mp-8932,Cs2SiP2,463.58574224538256,390.35331995021164
mp-9010,RbAuS,335.58575240881197,330.5789631366093
mp-9062,RbS,481.5857408161503,467.9832447195071
mp-9143,LiPF6,894.5857080232097,970.00984988821
mp-9144,LiAsF6,711.5857225537379,720.7463208124794
mp-9250,RbLiSe,346.5857515353923,328.85068814702527
mp-9273,K3Sb2Au3,188.58576408087555,200.97967275863445
mp-9317,KZrCuS3,331.5857527264192,334.97424794138726
mp-9361,RbLaS2,250.5857591579644,272.75744210523646
mp-9385,RbAu3Se2,242.58575979317874,226.16346007207875
mp-9437,NbFeSb,308.58575455266043,251.94659804046796
mp-9565,Ca(MgSb)2,254.58575884035724,260.91440989847905
mp-9566,Sr(MgSb)2,259.58575844334825,257.7269354205853
mp-9570,Ca(CdP)2,297.5857554260802,295.9146227022864
mp-961673,TiFeTe,315.58575399684787,263.17249820138034
mp-961678,ScCoTe,273.5857573317232,251.9421836742404
mp-961698,LiZnP,364.58575010616005,406.82573920684786
mp-9636,CsSbF6,640.5857281912653,625.302985849709
mp-9672,K2NiP2,491.5857400221323,477.85474254841944
mp-9675,Cs3BP2,1117.5856903166102,1001.4439170139899
mp-9687,K2PAu,317.58575383804435,302.1571380754929
mp-972937,ScAlCO,765.585718266041,822.8370046618435
mp-9778,K2AgP,294.5857556642855,316.4268612084065
mp-9794,Rb2GeSe3,308.7520560368611,265.00232143830766
mp-983565,CuBSe2,607.5857308115244,575.4768011478211
mp-9839,K2LiAlF6,634.585728667676,643.4345745448903
mp-9845,RbCaAs,224.58576122241104,191.1424566511195
mp-9881,KAuSe,229.9570867399526,226.9413953532843
mp-989400,Rb2NaGaF6,511.5857384340965,570.3272441834791
mp-989561,NaTl2GaF6,507.58573875170373,556.5436950875514
mp-989575,Cs2AlTlH6,1390.5856686399204,1449.829364541745
mp-989608,Cs2NaAsCl6,276.58575709351777,317.88040017673427
mp-989616,CaWN3,1335.5856730070195,1481.5550487866496
mp-9900,Ag2GeS3,404.58574693008836,387.3845572518289
mp-991676,NbCu3Te4,261.5857582845447,222.6570747661848
mp-998198,RbCaBr3,225.52557371613608,196.31994529367108
mp-9986,CsAuO,541.5857360520424,582.1572514995123
mp-998604,RbPbCl3,223.58576130181282,285.17616283305125
mp-999498,N2,1090.5856924604586,1377.7535924649853
mp-1008556,AlGaN2,718.5857219979254,702.5277784393419
mp-1008786,MgTe,247.5857593961698,240.7483097100447
mp-1009085,BeSiP2,590.5857321613547,662.0992431376421
mp-1020059,LiGe2N3,856.5857110404779,935.4575230759899
mp-10341,SrGeTeO6,694.5857239035686,718.6840979719683
mp-10485,BaLiSb,336.58575232941024,294.9047708621641
mp-10550,SrMg2N2,542.5857359726408,531.7596124582026
mp-10615,BaLiP,376.58574915333855,347.2017822464017
mp-10616,BaLiAs,359.5857505031691,293.6608691454606
mp-10776,K2Sn(AsS3)2,369.5857497091512,430.15023874552656
mp-10955,Sn(HgSe2)2,230.58576074600026,240.00122090316648
mp-11019,GaCuO2,679.5857250945952,665.3604990171053
mp-1105,BaO2,910.5857067527812,873.7604319637251
mp-11123,CsYHgSe3,199.5857632074558,224.12815348275598
mp-11520,YNiSb,204.58576281044685,256.20231561268383
mp-12385,Ba2YTaO6,781.5857169956122,753.4318585236127
mp-1253,BaSe,109.58577035361715,122.3634686401259
mp-1285,PtO2,703.5857231889522,638.3431588626411
mp-12903,YAgTe2,181.58576463668808,214.74408838998264
mp-13356,Ba2SrTeO6,695.3071651297435,772.4842810386405
mp-13445,Rb2As2Pt,276.58575709351777,233.41180488024912
mp-13641,TiCdO3,709.5857227125415,689.9321150176988
mp-13900,Sr(CuO)2,592.5857320025513,589.2682452824225
mp-13907,CdSnF6,595.5857317643457,590.8571607938356
mp-13984,CdPdF6,619.5857298587027,599.8200209937926
mp-14175,K3NbO8,904.376237450921,873.5436298008799
mp-14437,RbYO2,489.5857401809359,500.2773462152957
mp-149,Si,480.58574089555196,469.62554299971777
mp-15349,Li2GeO3,789.5857163603979,994.973050445831
mp-1569,Be2C,939.5857044501292,667.3286170338337
mp-15703,BeCN2,1209.5856830116452,1182.5793227945717
mp-15788,LiYS2,262.5857582051429,372.1340895912613
mp-15954,As2Rh,295.5857555848837,292.9102024917306
mp-15988,Li2CuSb,396.58574756530265,348.50735605768995
mp-16236,KAgSe,150.58576709814366,175.0610300206455
mp-165,Si,481.5857408161503,469.5875430027351
mp-16764,RbYTe2,171.58576543070603,172.8734683311001
mp-1778,BeO,1011.5856987332004,642.2381495266937
mp-189,SiRu,471.58574161016816,362.74799240054995
mp-19717,TePb,95.58577146524229,177.59198659112948
mp-19795,InS,303.58575494966937,344.3696198032404
mp-19851,KInTe2,182.58576455728627,181.67424678634652
mp-1986,ZnO,538.5857362902481,541.2677630653542
mp-20282,CsPbF3,366.5857499473565,477.39062288384974
mp-2030,RuS2,439.5857441510256,428.1470714702643
mp-20351,InP,331.5857527264192,330.3373118340052
mp-2064,RbF,238.58576011078603,271.37880237037194
mp-2068,RhF3,554.5857350198194,627.7593644514174
mp-2072,KTe,169.5857655895096,215.773326358032
mp-21166,SrCaPb,176.5857650336971,145.12638830323212
mp-21228,SrCuSeF,311.585754314455,383.7702955146066
mp-2133,ZnO,534.5857366078552,555.2295452823997
mp-21374,Cd(InTe2)2,166.585765827715,179.25275408230507
mp-21855,VCu3Se4,349.5857512971869,295.9031971705914
mp-22483,NaInTe2,185.58576431908094,287.1569230764982
mp-22865,CsCl,115.58576987720642,243.86721604871144
mp-22898,KI,99.58577114763511,106.14648158310415
mp-22899,LiI,285.58575637890164,261.59237112165954
mp-22919,AgI,103.34535948486929,117.97657860972521
mp-22925,AgI,121.58576940079568,121.71057831323898
mp-22935,CsBrF,272.585757411125,409.8917030541934
mp-22990,CsICl2,263.5857581257411,302.39370270739187
mp-23024,SrBrF,295.5857555848837,330.4979290843383
mp-23040,Ca2PI,289.5857560612945,257.02793383139186
mp-23070,BaBrF,265.58575796693754,281.8190790350735
mp-2319,P2Os,470.5857416895698,430.94936476392337
mp-23193,KCl,141.58576781275983,156.2518160508045
mp-23295,RbCl,113.58577003600998,142.38751045525353
mp-23303,RbBr,85.58577225926021,103.69884624754418
mp-23349,Bi(BO2)3,1476.8987630443203,1225.142275301669
mp-23405,Cs2TeBr6,213.58576209583072,209.29881796699595
mp-23425,Cs2PbCl6,269.5857576493304,314.17966226523083
mp-23465,Cs2TeCl6,275.58575717291956,310.26082183266584
mp-23703,LiH,1045.5856960335393,1428.9475956072267
mp-2371,Ga2Te5,223.58576130181282,211.3975341517455
mp-24066,SrHClO,3628.585490938709,3407.528513610282
mp-24589,K2HBrO,3637.5854902240917,3184.705878983536
mp-2469,CdS,291.58575590249086,274.93298363607624
mp-2472,SrO,420.58574565965966,397.2468047849934
mp-2517,Ca2Si,254.58575884035724,256.24496485425914
mp-252,BeTe,501.58573922811433,483.4600020417638
mp-2530,Li2Te,351.58575113838333,361.3621018944431
mp-2576,Sr2Ge,144.5857675745544,169.57801939257808
mp-2667,CsAu,65.58577384729607,92.49693695865425
mp-2693,SnSe,123.58576924199207,195.1552766962824
mp-27193,RbIO3,749.5857195364697,768.9908925531437
mp-27243,K2PtBr4,232.5857605871967,224.1850955181559
mp-27315,CaTiF6,684.5857246975862,661.8913165716986
mp-27422,CsBiF6,549.5857354168284,564.0246282273886
mp-27608,Be4TeO7,989.5857004800397,835.0946146855905
mp-28084,Rb2PdBr6,252.58575899916082,222.39813889704095
mp-28145,Rb2PdCl6,337.5857522500084,328.0418842703267
mp-28171,K3IO,275.58575717291956,307.67550920939266
mp-28302,K4CdP2,346.5857515353923,337.82455255034915
mp-28423,Ga2TeSe2,273.5857573317232,252.16826324976734
mp-28591,Na4HgP2,331.5857527264192,323.08913285405293
mp-28599,Na4Br2O,398.585747406499,398.2480395267501
mp-28626,LaSO,472.58574153076637,812.2555196999745
mp-288,PtS,445.5857436746148,406.1058127392805
mp-29091,Ti(CuS)4,454.58574295999847,381.12266597582465
mp-2918,YCuO2,653.5857271590419,626.0699831778696
mp-2920,LaAlO3,726.5857213627112,652.2306331196509
mp-29342,Ca3PCl3,304.58575487026764,284.36568261230093
mp-29398,Cs2HfI6,165.58576590711678,189.43624589733727
mp-29506,CsBiO2,554.5857350198194,566.9105534382752
mp-29750,CsMgBr3,315.58575399684787,268.1417894351397
mp-29751,CsMgI3,257.3811557603249,232.30400225918814
mp-30251,YAuO2,594.4020938795843,586.6122996746986
mp-30315,Ca3BN3,1648.585648154258,1195.414793571564
mp-30373,RbAu,83.58577241806378,97.05177558007406
mp-31002,Rb2Te5,142.58576773335804,175.85631171280554
mp-3104,BaZrN2,714.5857223155325,836.7221094722009
mp-31235,BaNaBi,166.585765827715,204.6352820696513
mp-32616,Ga2S3,391.5857479623117,436.6989090675825
mp-3277,BAsO4,1070.5856940484944,1152.1361280266133
mp-3288,CsNO2,1315.585674595055,1390.8083867260773
mp-33588,Ca2NF,507.58573875170373,478.11014676534063
mp-3427,LiAlO2,863.5857104846657,786.6892473618359
mp-3486,KSnSb,150.58576709814366,185.94360888673634
mp-3519,ZrSO,598.5857315261405,716.6589828858409
mp-3589,BPO4,1221.5856820588235,1174.255529357476
mp-3748,AlCuO2,857.5857109610762,718.3176773576066
mp-380,ZnSe,221.58576146061642,207.64770242638087
mp-3810,Hg(AsO3)2,726.5857213627112,734.662028945409
mp-384,MgP4,477.5857411337574,484.5217405830261
mp-3915,BaHgO2,618.5857299381046,574.3630391499362
mp-3924,LiNbO2,564.5857342258015,607.3891406000982
mp-3970,K2TiF6,641.5857281118634,583.1053886155659
mp-3980,LiSbF6,662.5857264444257,669.160089031229
mp-422,BeS,599.5857314467387,608.5317144868251
mp-4405,Rb3AuO,266.8364515022847,286.0281099067925
mp-4497,Si2N2O,1128.5856894431904,1036.979257028826
mp-4690,K3TaO8,895.0107895499382,825.6110203633189
mp-4809,Ga2HgS4,350.5857512177851,363.1637502190693
mp-5038,CsGaS2,381.5857487563297,425.19775556419233
mp-504535,InHO2,2264.5855992427537,2583.6902740486
mp-5048,LiGaTe2,331.5857527264192,321.03484563797764
mp-505634,Cs2Te3,145.58576749515262,180.82387935457567
mp-5077,NaLi2Sb,342.5857518529994,365.2658696877301
mp-5078,SrZnF4,469.58574176897173,577.9896098763137
mp-5127,LiCuO,662.5857264444257,618.7541170904598
mp-5213,CdSnP2,334.58575248821387,339.1497179749032
mp-5238,GaCuS2,358.5857505825708,373.8317493720109
mp-5380,Ca4P2O,506.5857388311055,467.20107596232555
mp-541037,CsCuO,625.5857293822921,543.4878593995837
mp-5427,Mg2P2O7,1178.4664455102513,1178.546699383156
mp-546125,ScAsO4,925.5857055617543,966.9611800085904
mp-547244,SrBiClO2,550.5857353374264,549.6513959313108
mp-5478,TlPd3O4,608.5857307321222,598.9131549880678
mp-549737,Ba2Ca(BO3)2,1283.5856771359124,1247.6261939247406
mp-550751,BaBeSiO4,1033.8940424655252,961.623765000635
mp-551092,KLiZnO2,631.5857289058813,564.1619314976186
mp-552537,Sr2CuBrO2,631.5857289058813,613.8218069094607
mp-555166,BaAg2SnS4,339.58575209120477,397.07868459021006
mp-556953,RbPS3,652.5857272384436,762.5816404409678
mp-559092,ScF3,637.5857284294706,633.8245549861238
mp-5594,Sc2Si2O7,1145.58568809336,1070.8876988487286
mp-561710,CsSnS3,459.58574256298965,452.910828035546
mp-5621,NbCu3S4,435.58574446863264,420.89834238775825
mp-567558,CsAgCl2,223.58576130181282,275.5350965939156
mp-567636,VFeSb,329.58575288522275,299.8466915155046
mp-568052,K2Ga3,259.58575844334825,260.9781420976255
mp-568661,Cd(InSe2)2,207.58576257224152,206.58546565430572
mp-568666,RbAuI3,192.58576376326835,192.86077154084415
mp-569779,ScSbPd,240.5857599519823,214.45864720416338
mp-570097,Sr(Li2P)2,473.5857414513646,442.2576590006868
mp-570256,Ag2HgI4,123.58576924199207,122.07309557970636
mp-570324,Rb2TeBr6,215.5857619370272,219.52041250111327
mp-570891,KBr,108.58577043301895,120.96420383634383
mp-573697,CsCl,122.58576932139387,148.72374389028545
mp-573755,CsTeAu,201.58576304865227,196.1244700678267
mp-573763,Cs2Te,85.58577225926021,97.30037341872426
mp-574599,CsAuSe,231.60760465794567,230.53136168686538
mp-581833,RbN3,2092.585612899862,2084.6636135288886
mp-6384,RbSO2F,1153.5856874581455,1240.9429141645983
mp-638729,Cs2ZrCl6,333.5857525676157,341.66516926928284
mp-643370,Ba2MgH6,1191.5856844408775,1610.2912196486402
mp-6560,KSO2F,1153.1905864961611,1259.2883700512896
mp-675230,NaLaS2,302.5857550290712,301.5379571438758
mp-684,BaS2,458.5857426423914,454.94368971280807
mp-684580,AgI,121.58576940079568,121.73057831165094
mp-684969,Sc2S3,363.5857501855618,381.68218651318205
mp-6867,KCaCO3F,1524.5856580000805,1547.4462892600372
mp-6920,KNO3,1373.585669989751,1492.9136605148965
mp-6930,SiO2,1177.5856855525024,1162.0233540777754
mp-697144,RbH2N,3337.58551404463,3083.6494504305424
mp-6989,BaSeO3,777.5857173132196,804.598188914501
mp-7041,CaHgO2,640.5857281912653,578.7522794970308
mp-7188,Al2Os,442.5857439128201,310.8199583310318
mp-730,P2Pt,501.58573922811433,448.9737434056026
mp-7323,RbBe2BO3F2,1394.5856683223135,1253.484326096389
mp-7375,KNbO3,856.608845977842,733.390940763212
mp-7392,Na2AgSb,207.58576257224152,255.10229814825752
mp-7438,KZnSb,206.5857626516433,208.23093914643476
mp-7446,Rb2S3,452.5857431188022,469.3845174029754
mp-7447,Rb2Se3,232.5857605871967,238.45195112315022
mp-7470,RbCuO,628.5857291440867,602.7873798845249
mp-753098,LiCuF2,674.5857254916042,484.74922699933165
mp-753401,Sc2TiO5,749.5857195364697,884.9850314867768
mp-754212,BaSr2I6,142.58576773335804,128.97980925154408
mp-754517,SrCa2I6,199.5857632074558,155.90631209398117
mp-754535,LaAgO2,537.5857363696499,547.9136036266407
mp-755756,Y2TeO2,539.651141832417,520.0868353122559
mp-7631,SiC,932.5857050059418,878.6545137551717
mp-7650,RbScO2,544.5857358138372,613.1817281517684
mp-7670,K2Se3,229.585760825402,256.9166115220852
mp-7774,Na2SbAu,192.58576376326835,243.82190272790575
mp-8017,AlCuTe2,326.5857531234282,332.3297526673451
mp-804,GaN,674.5857254916042,686.7870329230764
mp-8062,SiC,849.5857115962906,839.0768352922943
mp-8147,K2As2Pd,282.58575661710705,253.02446066384
mp-8255,CaPtF6,616.5857300969083,601.8374448014181
mp-8257,Na2ZnS2,310.5857543938568,397.7988995072007
mp-8262,K2P3,505.58573891050713,486.1357651561491
mp-8276,Sr(ZnP)2,314.5857540762497,307.6456646960913
mp-8277,Sr(CdP)2,288.5857561406963,284.88110071906783
mp-8377,TeO2,731.5857209657021,671.4369267489742
mp-8426,K2Se,125.58576908318848,133.37405077357002
mp-8621,K2PtSe2,208.5857624928397,221.76161309637612
mp-8623,K2Te2Pt,175.58576511309886,190.69175523689088
mp-862631,Ba2SbAu,107.58577051242077,105.80903332083838
mp-867169,Sr2SnHg,122.58576932139387,118.16420414462414
mp-867219,Sr2GaGeN,618.5857299381046,769.7949794149065
mp-8759,Cs2ZrO3,693.5857239829703,832.9175760632057
mp-8812,Rb2GeF6,603.5857311291314,634.8930704255191
mp-8830,NaRhO2,566.5857340669977,570.9083170982906
mp-886,Ga2O3,716.5857221567288,729.4339779168251
mp-8880,AlP,418.58574581846324,435.8934730513227
mp-8934,Cs2SnAs2,214.585762016429,237.78571483069769
mp-9124,LiZnAs,357.5857506619725,341.8644150209779
mp-9125,Ca(SbO3)2,657.5857268414347,654.1657604147624
mp-9195,BaCuSeF,282.39473424405037,343.39184526705975
mp-924129,ZrNiSn,228.58576090480392,264.3417849210908
mp-9274,Rb3Sb2Au3,186.5857642396791,192.20263175400476
mp-9321,Ba2HfS4,446.0864616460566,386.12032365690465
mp-9486,K2AlF5,624.5857294616939,662.5117005062435
mp-9517,SrTiN2,781.5857169956122,818.0865318413875
mp-9562,LiBeAs,497.5857395457216,567.5328924498381
mp-9571,Ca(ZnAs)2,212.5857621752325,208.39499833672193
mp-961706,TiSiPt,368.58574978855285,306.40562730700293
mp-961713,ZrSnPt,211.58576225463432,222.34417916401844
mp-971,K2O,296.585755505482,354.42319596543547
mp-975115,RbTcO4,949.5857036561116,892.4654529105215
mp-975140,RbZn4P3,311.585754314455,324.6808356452229
mp-9755,HfGeO4,806.5857150105676,855.0979744919306
mp-978852,SrGaSnH,1208.585683091047,1177.665963232185
mp-989513,SrWN3,918.5857061175667,1163.3611338534968
mp-989562,Cs2LiTlF6,411.5857463742758,482.29658987909204
mp-989610,Cs2NaInH6,1317.5856744362516,1365.532110255289
mp-989618,Cs2RbGaF6,512.5857383546946,516.9797380058061
mp-996983,AgAuO2,608.5857307321222,568.4639593217727
mp-997089,NaAuO2,603.5857311291314,567.8618096817094
mp-998612,KGeBr3,219.71838321658527,240.16006410921722
mp-1000,BaTe,98.58577122703691,110.55060642253578
mp-10086,YSF,339.58575209120477,509.13260180713957
mp-1009813,SiSn,344.5857516941958,345.6752553089265
mp-1011695,Cs2Se,100.58577106823331,96.80413370028191
mp-1018100,AlSb,322.5857534410353,311.14790614713144
mp-10246,Na2PtS2,355.58575082077624,311.4829379419807
mp-10322,BaHfN2,719.5857219185235,801.4019631457315
mp-10336,BaYCuTe3,172.58576535130422,198.26901599350407
mp-10378,Cs3Sb,69.63722405788964,95.62866537337234
mp-1039,MgTe,270.5857575699285,264.84044730626863
mp-10408,K2CN2,1979.5856218722645,2034.8249617925096
mp-10614,SrLiP,429.5857449450435,385.6963672361135
mp-1070,CdSe,187.58576416027734,183.8898029601717
mp-1087,SrS,219.58576161942003,257.25650472450627
mp-10918,Rb2PdC2,1826.5856340207388,1814.6968640449627
mp-10985,RbCu3S2,317.58575383804435,350.7412450915137
mp-1106,Sr2Si,217.5857617782236,249.5866716073728
mp-11703,KSbS2,330.5857528058209,345.3459625523445
mp-11713,SiC,833.7677456801904,881.245726943899
mp-11714,SiC,907.5857069909863,882.7678339273137
mp-11719,K4ZnP2,414.5857461360704,332.3617177794148
mp-11824,Ca3PN,485.1102590218785,489.0503240294538
mp-1190,ZnSe,224.58576122241104,219.78337853371173
mp-11918,Ca(BeN)2,1112.585690713619,972.7187507135601
mp-12317,SrCN2,2014.5856190932016,2074.4202405447377
mp-1247,Sb2Ir,227.5857609842057,224.51376122812826
mp-12532,KAg2PS4,531.5857368460606,482.58094322296347
mp-12954,CuBS2,689.5857243005772,668.779367918416
mp-13055,Ba2LaTaO6,753.9456261761827,750.0098692021693
mp-13109,SrHfO3,776.3577663735823,747.7723148088073
mp-13133,K2TiO3,795.5857158839873,793.5135493466988
mp-13277,BaLiP,350.5857512177851,365.23634272393804
mp-1340,Ga2Se3,280.5857567759106,281.41699233814904
mp-13541,Sr2Mg(BO3)2,1326.5856737216354,1329.5006596557653
mp-13610,ZnPbF6,534.5857366078552,583.9143775507225
mp-13898,Cs2NaInF6,465.5857420865789,494.20467536864965
mp-1394,Rb2O,275.58575717291956,321.638634374449
mp-14038,Rb2NaRhF6,558.5857347022122,514.0615035594316
mp-14092,AlAgTe2,323.58575336163346,317.04272010016257
mp-14115,LiRhO2,571.5857336699888,598.3915701561215
mp-1479,BP,791.5857162015947,827.5410625276759
mp-1565,ZrO2,647.5142591836287,647.9069795512298
mp-15776,Zn(GaSe2)2,260.58575836394647,268.5062975134984
mp-15794,LiYSe2,226.58576106360744,284.9924457004072
mp-16264,LiCaSb,364.58575010616005,330.7017650258354
mp-16337,Ga2HgTe4,206.5857626516433,204.68817607947304
mp-1634,MoSe2,296.585755505482,274.13949991309676
mp-1672,CaS,244.5857596343752,293.7180139397169
mp-16763,KYTe2,173.5857652719024,166.80003105391702
mp-181,KGa3,272.585757411125,274.9511852192296
mp-20027,FeP2,468.58574184837363,459.8211192818404
mp-2079,Rb2P3,506.5857388311055,485.86974047599256
mp-2172,AlAs,331.5857527264192,378.45574900485724
mp-2201,PbSe,138.58576805096516,201.77930340482658
mp-22255,RbInTe2,181.58576463668808,172.96694723995384
mp-22875,TlBr,82.58577249746558,102.31829652524762
mp-22906,CsBr,76.58577297387635,100.83940857026427
mp-22951,BaIF,242.58575979317874,270.517245896625
mp-22988,CsGeCl3,273.5857573317232,281.6568837130424
mp-23033,Sr2NCl,408.58574661248116,388.3710792932478
mp-23056,Sr2BrN,397.5857474859008,380.0331543284035
mp-23209,SrCl2,201.58576304865227,247.1522609349401
mp-23222,Li3Bi,377.5857490739367,363.2786877822241
mp-23268,NaI,119.58576955959923,191.15791702950327
mp-23289,KCl,139.58576797156337,162.2852391463039
mp-23302,RbI,69.58577352968891,80.3286032513841
mp-23350,Rb2PtCl6,336.58575232941024,326.3084708795434
mp-23364,CsLiCl2,361.5857503443654,294.4251995650833
mp-23432,BaClF,283.58575653770527,288.88572464002897
mp-23485,Ag2HgI4,116.58576979780462,123.39411079816776
mp-23859,CaHCl,999.5856996860216,1142.2140168750964
mp-23860,SrHCl,934.5857048471382,1121.48069649455
mp-23862,BaHI,779.5857171544162,913.8266883179358
mp-23933,AlH3,1886.5856292566314,1880.6386720094092
mp-241,CdF2,373.585749391544,380.95208188828315
mp-2455,As2Os,276.58575709351777,286.85916413566747
mp-2490,GaP,381.5857487563297,380.29974885844064
mp-2659,LiN3,2131.5856098031923,2059.5176155255226
mp-2672,K2O2,847.5857117550943,918.5052115071369
mp-2695,Sb2Os,210.5857623340361,226.41576107710628
mp-27227,LiAg3O2,479.58574097495386,534.3052940004256
mp-27419,LiBiF6,564.5857342258015,582.6683423255791
mp-27420,NaBiF6,563.5857343052032,575.1515145628847
mp-2758,SrSe,143.5857676539562,149.18181321684963
mp-27882,Cs2GeCl6,317.58575383804435,329.38254495230666
mp-28243,RbLiCl2,374.5857493121421,311.52844748011995
mp-28627,K4Br2O,322.5857534410353,304.9273338214745
mp-28872,RbBrO3,791.5857162015947,839.6464502361863
mp-29138,KAuSe2,222.5857613812146,221.1110128754342
mp-29266,CsS,483.58574065734666,449.86452182494116
mp-29396,Cu2PbO2,602.5857312085333,542.3993222821953
mp-29584,K4BeAs2,765.585718266041,526.7831338319658
mp-2961,MgSiP2,475.585741292561,480.81001814653496
mp-30004,Rb4Br2O,298.9949156176686,300.39800913267715
mp-315,PbF2,311.585754314455,428.17624730487887
mp-3163,BaSnO3,721.2550053696123,652.2347149416232
mp-3167,Hg2GeSe4,272.585757411125,243.69944731394418
mp-3349,Sr3Ti2O7,803.5857152487729,769.7176311467061
mp-33526,LiBiS2,300.5857551878748,354.90429041009105
mp-3395,SrSeO3,782.6436177376511,816.7961233872917
mp-35152,Sr2H5Rh,1786.5856371968107,1713.538725503544
mp-3595,ZnSiAs2,401.58574716829366,390.0894884513415
mp-36508,SnHgF6,578.5857331141764,587.3970437654311
mp-3666,LiTaO3,859.5857108022728,798.9024559364607
mp-3668,CdGeP2,371.58574955034754,375.52574923750524
mp-37091,Sr(AlTe2)2,346.5857515353923,312.6912584348651
mp-37216,CdPbF6,524.5857374018732,577.7025740858396
mp-3731,LiNbO3,850.5857115168886,781.2749417042857
mp-3771,MgTiO3,765.585718266041,776.3660612794824
mp-38011,KHS,2551.585576454439,1971.7889944155954
mp-3821,K2PtF6,598.5857315261405,558.6951130172519
mp-3982,KCuO2,672.5857256504078,645.460281733655
mp-4190,CaSnO3,607.5857308115244,645.0825240877306
mp-4280,GaCuO2,679.5857250945952,668.7594864456127
mp-4406,CaSO4,1173.5856858701095,1191.197069710186
mp-441,Rb2Te,84.58577233866201,97.21555082919998
mp-4482,NaSbO3,644.585727873658,665.2643497400172
mp-4511,La2SO2,462.5857423247843,503.09115249535483
mp-4514,NaNbO3,873.5857096906476,800.6008634576091
mp-468,AlF3,710.5857226331398,742.7751041219383
mp-470,GeO2,795.5857158839873,738.013014895165
mp-4782,CaSnF6,601.5857312879351,619.8539145819783
mp-4820,ZrSiO4,1065.5856944455031,1076.0100581316542
mp-4979,AlCuS2,462.5857423247843,452.13482825427513
mp-5020,BaTiO3,735.538617696687,664.7728853980421
mp-504729,Cs2PdF6,602.5857312085333,563.2991993819606
mp-505825,Cs2PtC2,1804.5856357675784,1582.2075967511769
mp-5072,Rb2HgO2,615.58573017631,576.7992130667609
mp-510273,CsSbO2,607.5857308115244,602.1820388590048
mp-5295,LaNbO4,793.3945295514336,812.7847833548997
mp-5394,LaSF,310.5857543938568,445.4654254236262
mp-540957,Cs2TeI6,173.5857652719024,168.06549825567518
mp-541044,CsYO2,478.5857410543556,568.7428272289583
mp-541226,CsBrF6,581.585732875971,585.1744374010821
mp-545500,BaSbClO2,573.5857335111854,599.2055543440115
mp-546011,YZnAsO,515.5857381164893,559.6134287345609
mp-546794,SiO2,1184.5856849966901,1080.0654471054822
mp-546864,Y2C(NO)2,2160.58560750054,1791.5969811052528
mp-549589,LaZnAsO,460.58574248358804,506.8371554126688
mp-551203,Sr2I2O,447.58574351581115,355.0793201572244
mp-551243,BaBiIO2,507.58573875170373,540.7959912638994
mp-551269,Ba2LaSbO6,687.5584521825792,741.8468477198521
mp-5518,GaAgSe2,234.5857604283931,259.67446509786146
mp-551835,Ba2I2O,390.58574804171343,334.19204909042156
mp-551873,Ca4Bi2O,374.5857493121421,396.6526482303087
mp-552547,SrBiIO2,509.5857385929,541.2670035338055
mp-553025,CaBiClO2,574.5857334317835,605.6205675608259
mp-553875,Zr2SN2,680.5857250151935,638.6820497302874
mp-554155,KSb(PO4)2,1194.5856842026724,1203.4493033340964
mp-555763,ZnS,334.58575248821387,336.9662874417199
mp-556866,Ag2HgSI2,336.58575232941024,296.82572397050495
mp-558071,RbS,480.58574089555196,467.58962155260247
mp-558781,ScTaO4,811.5857146135588,834.4182874263981
mp-560558,CsCdAuS2,330.5857528058209,331.1238120238724
mp-567776,Cs2AgAuCl6,322.5857534410353,308.6543815920343
mp-567841,Be3P2,604.5857310497298,848.1638608823066
mp-568032,Cd(InSe2)2,202.58576296925045,210.02376237866076
mp-568284,SrI2,126.58576900378668,143.8588697338207
mp-568619,SiC,849.5857115962906,886.9296049177784
mp-568968,K2SnHgSe4,236.5857602695895,241.43125518624223
mp-569346,CuI,154.5857667805365,167.43182888872283
mp-570213,LiMgBi,287.5857562200981,321.7658730682983
mp-573721,Cs2SiAs2,400.58574724769545,342.3592293949309
mp-588,GaF3,634.585728667676,669.3513766468972
mp-608555,Cs2SnCl6,309.58575447325865,310.46669319438246
mp-6088,LaCuSO,503.5857390693108,527.6299774546966
mp-614603,CsI,61.58577416490324,77.87987911186055
mp-623024,TiCdF6,680.5857250151935,629.2438467009739
mp-632319,CsH,675.5857254122026,1094.8637516768138
mp-634676,KHS,2552.585576375037,2006.1392032506947
mp-6408,ZnCu2GeS4,375.58574923274034,387.35374829834007
mp-643257,K2H4Pd,1872.5856303682565,1397.860319289895
mp-6450,K2LiAlP2,402.585747088892,414.92365127830874
mp-66,C,1310.585674992064,1172.1288078253826
mp-661,AlN,719.5857219185235,745.8948625706645
mp-672,CdS,289.5857560612945,287.8967981191714
mp-675531,NaBiS2,268.5857577287321,290.7021388951616
mp-676284,YAgSe2,213.01151280128758,226.69890083323918
mp-677335,GaPO4,1147.5856879345565,1156.2680337086513
mp-6951,RbCdF3,468.9700846237468,438.4501617589268
mp-697038,Ba2H6Ru,1733.5856414051057,1741.6189829141704
mp-7000,SiO2,1177.5856855525024,1136.9675593072611
mp-7128,Cd(AsO3)2,742.5857200922823,728.8050123965628
mp-7374,Ba(CuO)2,614.5857302557117,598.014438064097
mp-7421,KZnAs,244.5857596343752,258.5520540833582
mp-752676,TiBi2O5,834.5857127873172,732.6509972377489
mp-753671,PNO,1342.5856724512068,1293.9801574283154
mp-754117,YHO2,2657.585568037849,2798.364893404188
mp-754326,NaAgO2,572.5857335905872,592.2935587929344
mp-754363,Ba2HfO4,740.5857202510858,712.4847072615344
mp-7548,BaSe3,237.58576019018776,232.86276184247984
mp-755309,Li3NbS4,477.5857411337574,442.4683625712016
mp-755478,CdBiO3,541.5857360520424,626.2762416473586
mp-755586,NaLaO2,539.5857362108462,563.0032853476782
mp-757,Li3As,464.58574216598083,441.0407430890335
mp-7581,MoSe2,296.585755505482,273.44833304780974
mp-760,FeSe2,310.5857543938568,292.9060155024355
mp-760375,Li3VS4,520.5857377194803,427.3736017667081
mp-7667,K2S3,447.58574351581115,455.04774579536
mp-773137,KCaBi,193.5857636838666,149.02649775740406
mp-7773,Na2AsAu,222.5857613812146,255.49543602834223
mp-7801,CaGeN2,769.1800191221088,755.2988266758131
mp-7808,BaP3,444.58574375401656,467.2914304332309
mp-7907,Al2ZnSe4,387.5857482799189,390.60009070301453
mp-7938,KNbS2,375.58574923274034,324.5602862861702
mp-7958,KLaO2,449.5857433570076,495.4602615369649
mp-8000,SrSn(BO3)2,1343.585672371805,1325.9666947398014
mp-8016,AlCuSe2,375.58574923274034,382.1574496554722
mp-8039,AlF3,729.6775748147577,721.8017298991148
mp-8187,K2ZnO2,483.81583242757483,512.5322313727113
mp-8192,Rb2PtF6,588.5857323201583,583.3164923623331
mp-8235,K2SiP2,478.5857410543556,439.9218126582863
mp-8278,Ba(MgP)2,310.5857543938568,327.4791833766366
mp-8298,Sr4P2O,462.6991086384732,415.05052709412377
mp-8311,Si3NiP4,494.58573978392684,494.0517398263264
mp-841,Li2O2,800.5857154869783,824.658110774643
mp-8430,KLiS,399.5857473270973,407.58915163238055
mp-8446,K2CuP,356.58575074137434,320.30511880432726
mp-861979,Ir2S3,442.5857439128201,411.893911478996
mp-8753,K4HgP2,324.58575328223185,308.9693208632189
mp-8818,Ca2ZnN2,673.585725571006,613.8481831397135
mp-8857,Cs2As2Pd,284.58575645830336,245.88855417054376
mp-8873,LiGeBO4,1052.5856954777264,1085.9476230664166
mp-8881,AlAs,366.5857499473565,378.3026132801685
mp-8943,PtF4,657.5857268414347,599.5211578543039
mp-8979,TaInO4,795.5857158839873,768.6936755823549
mp-9259,Ba2Mg(BO3)2,1298.5856759448855,1271.667651200364
mp-9268,KSe,252.58575899916082,265.34294731045264
mp-9270,SbIrS,359.5857505031691,361.3410816145786
mp-9306,Sr2ZnN2,666.5857261268186,609.2782243689137
mp-9382,SrZrN2,580.256144779931,572.5971678031344
mp-9386,CsAu3Se2,241.58575987258044,236.06574170896053
mp-9569,Ca(ZnP)2,328.5857529646245,330.5852659040735
mp-961649,ZrFeTe,276.58575709351777,245.87080966554274
mp-961685,NaCaAs,223.58576130181282,271.5385106012355
mp-961774,BaNaSb,177.58576495429523,201.45605878566934
mp-9718,Rb3BAs2,975.5857015916647,952.4454261063069
mp-976280,LiBr,358.5857505825708,336.49580856810076
mp-9775,NaSrAs,217.5857617782236,254.8434113135263
mp-9812,ZnCO3,1496.5856602233305,1487.2509518500526
mp-9821,RbSbF6,645.5857277942563,648.7139863522642
mp-9846,RbCaSb,201.58576304865227,152.71933108666812
mp-989405,Cs2LiInBr6,224.58576122241104,285.02055879406066
mp-989531,Cs2KGaF6,506.5857388311055,524.278201831772
mp-989539,Rb2AlTlH6,1423.5856660196616,1610.531250583909
mp-989638,CaTcN3,1297.5856760242873,1942.6858949775992
mp-989642,Cs2NaAlH6,1407.5856672900907,1385.2523169815427
mp-9919,LiZnSb,262.5857582051429,332.02524289294445
mp-996997,LiAgO2,605.9291732079247,603.2560341225485
mp-997002,KAuO2,622.5857296204973,615.845017011557
mp-998603,RbPbBr3,142.58576773335804,210.95819784713302
mp-999549,WN2,1038.5856965893518,1240.7914827186428
